instant,actual_counts,predicted_counts
12831,425,494.6197926804026
8689,88,96.21010981953287
7092,4,92.88113968411224
12231,526,459.2345693957591
432,13,81.26995887056806
1087,32,96.66043043146105
11606,706,362.5748260869521
7984,26,54.397831447287174
10392,2,182.13385409426505
7047,21,141.69462163447974
17356,34,83.16112622770397
11370,89,135.10151841482988
12660,542,545.3024049345393
12696,9,178.78737544655135
6148,325,236.92681314166123
1839,336,105.03540846041398
218,188,35.24700075660481
16652,479,268.5294038083021
15026,16,133.36777113369723
11941,852,472.596927671259
622,8,36.615095519055316
14210,161,253.1253390757968
20,37,61.52655836613492
4837,84,183.8331178887895
8263,124,158.47899362848386
15722,144,129.46842260090892
12118,23,180.69702936898054
8923,188,169.26697243033865
8984,6,54.8737514936324
8271,82,239.26382439433786
15899,3,120.16997151753492
13605,29,150.81952058843126
11776,374,304.9037977436638
8979,76,65.0179276993201
14108,76,206.01331998743936
13909,868,418.5177558910963
6351,8,95.85983133916213
7733,122,147.0768543115376
11897,109,292.6465783613514
14105,315,311.67952255725663
14846,614,630.3339206005611
6045,142,269.25580752778586
4297,201,227.1076773415336
8531,3,68.42327869836974
13228,649,207.57156343774102
11512,243,375.69965537689905
6406,158,231.5735413164729
2580,195,81.87573764639781
829,30,28.735061211164005
4401,118,87.74860092960478
14753,310,300.2246031200077
9905,529,298.2229430483297
14170,598,567.0099333961638
9359,181,167.17853757405405
11218,257,508.3268912388398
16134,162,168.87575831814917
15245,86,190.12591193916404
5928,75,104.50416330689441
12050,137,115.9324695322287
4511,236,230.1275867012977
8899,79,115.36835681406721
10630,156,240.52607633314923
5364,198,208.91568429694124
10237,175,294.73001980918326
3659,438,93.4639803710498
7589,217,152.61889729530765
6203,27,109.4671021030114
4082,105,229.40152057908736
2679,186,261.01996101153725
3426,356,268.55022736705035
13074,177,115.22371963784498
2989,119,219.33199295793472
8853,49,78.6215301655515
1356,224,112.65367617826833
7678,162,160.93905606609465
7317,320,206.52353888391733
124,122,83.98266201479161
10269,153,257.4471070346665
10482,271,322.14547370803285
12523,110,256.4979352922967
16416,374,331.2426346333797
15864,20,212.7573839480308
8889,22,123.4637115428261
14755,109,315.0112470482736
1581,259,56.92784453091002
7218,472,60.262707671517774
10629,176,296.96448472506256
15235,105,210.28963847006216
14986,412,508.25483623455693
11907,440,209.01632509841482
4476,169,114.89780486767735
8482,4,27.59659518977107
2009,104,136.3229873816106
9308,290,255.01267786638243
13822,84,156.73293869868635
1769,76,127.04474756246397
8590,177,117.32970300044222
4548,186,215.50067712455038
9153,4,65.08966523860784
8974,143,121.01393189564648
102,57,83.63911325076721
8726,180,81.02582980171223
11818,615,562.9133205099449
8621,73,92.87054085935459
6479,321,188.5925917639823
170,15,24.52701711879316
9585,267,156.05133167318698
636,68,40.9356561679614
12108,390,491.9616554533917
2858,62,192.73973583460557
4049,145,233.48932590521167
734,40,64.36886209702557
12117,42,181.09376883291029
14736,9,203.10377426034256
11038,9,178.8820434320186
8035,50,84.87406996763042
2436,29,43.196493652460035
4289,392,350.85209274994867
6320,137,85.33941316989262
12267,507,306.544459332632
11754,67,123.21619711576713
7780,153,230.89956011377566
6106,126,176.99223495064584
14612,65,212.645442952718
4125,307,316.21896875516893
14783,11,134.91231701504523
10709,286,176.73050244288834
13789,865,348.2747305097941
9259,224,202.0703310988456
10122,174,96.18528558862047
12621,51,156.40039598598776
3585,106,220.79995157343203
2678,172,246.35561952631176
2610,397,236.947999166757
16225,559,262.16554579230495
2151,124,214.07215221077507
9390,3,208.73543190154797
14616,8,212.645442952718
17355,49,74.42757445297595
60,77,79.00427873074102
4230,9,142.73311525249738
10840,432,294.0528737675118
8904,57,83.57637971531733
6843,302,252.63267852991132
6022,153,334.01481964405025
15379,80,96.18201297916862
2468,306,288.5106839201974
7551,13,63.759820691154665
5175,182,266.53074481122485
8122,66,55.348061478058895
12410,172,149.8990038668544
12129,333,366.54238392742974
8953,102,134.94917221158582
11875,75,166.1926378004547
1555,3,37.34291416235802
12228,393,437.154990447654
12924,392,513.9386576382401
11168,635,452.0782865728575
12594,238,319.21887236822135
15083,303,519.5392834029749
13821,122,151.145766611206
16861,294,251.14387996220927
14817,408,413.08668464378246
10465,26,116.57214832048915
2705,148,220.55102330413155
3290,145,141.09482942416693
9775,16,91.9610145608925
15563,260,245.97165763676136
3291,131,76.60310982655997
1985,83,105.23031041505484
2185,89,126.3088796017757
3580,22,237.9334522090188
4916,468,225.32612556642437
12203,460,414.0705666243614
3683,477,202.04157651942057
8193,17,76.99304109497425
2798,250,85.19047590379769
2663,237,254.7614052091463
11585,239,219.5288313390929
16624,169,164.56178961379172
4456,416,344.5062549061596
4547,449,223.27571683406907
8179,105,110.71389795067408
6336,187,285.3079928097315
2100,55,61.58856476778916
9001,72,96.10965312543016
3801,14,64.75426025128623
1209,51,87.17009661288475
8410,15,72.35514427516539
3342,2,79.73695111092876
17206,26,49.44562303836317
12366,187,442.3323956850613
11992,315,551.0049308834448
5804,3,118.03546311768305
15779,308,525.8016632303728
885,199,55.93143461524727
8973,144,131.00100277187016
10369,2,201.70691605597665
8740,32,146.23808869913825
1306,282,178.6690222007431
11751,98,163.97937481520586
13859,450,451.8855584570573
10589,361,170.56472925679142
15780,532,530.3881844099449
2955,100,173.09886611139547
3551,256,227.81534445599536
2022,4,74.73527736363852
2702,156,146.8151560147232
16180,171,198.1865323646952
15053,328,354.2673028535952
11700,388,391.12733208732476
4074,189,263.537117051228
4978,45,183.33397087909202
4033,109,86.75201260919087
2933,52,72.22358279331289
1088,8,101.64853926842237
5976,411,279.9696122379383
14980,757,220.85648711960826
4058,105,216.08406233928847
9459,86,73.3914613150753
16985,393,180.8155585798762
8414,16,91.32900542514827
17002,11,137.28708455166617
9388,4,219.01892454942399
4919,270,230.62878598180419
8373,175,205.41650979668023
9533,2,118.5124598283487
425,197,95.00391372345631
477,41,40.308705514750834
14915,36,141.05266128395667
16687,13,152.9927229160739
9849,120,89.61990802302462
3074,103,162.74316164245226
9722,22,143.04396663154037
1698,154,74.79401782192366
8055,18,63.679143428918444
4305,3,70.36024229370884
1471,39,42.899642427558504
2271,142,129.40351341669594
10444,99,193.44768294513526
17273,118,146.52735492822657
7093,8,97.31666234465736
12931,159,309.75531047780726
3560,31,195.9867777994891
11207,6,135.2956974798442
16954,10,222.50256653591154
5340,222,154.09590514203768
9446,164,138.0645857187653
13248,7,100.6785898051743
10008,29,133.47096846432052
9352,132,171.50976930925617
13432,366,290.529748318948
486,8,19.788368048129456
8049,33,60.091435045690936
7336,99,120.89002905033114
9894,90,150.5847524424449
6134,36,76.23694521194709
15922,20,126.62626010777214
17162,61,56.19884207997246
9921,242,164.90456805677286
4561,184,186.7873698508684
3419,418,226.68379999119762
3370,313,182.11760724763533
13283,271,444.8089825228131
4376,35,67.84152126987179
15411,362,141.9866664284145
17163,53,53.30966274129047
1303,125,79.93713276977006
9427,229,204.5942952675293
8215,107,156.6245365704192
1863,182,82.78964746362561
1028,71,82.4201980586977
13219,131,166.76282217528873
11336,61,59.53431282836257
16322,253,207.4271420745347
3704,21,65.68456704065423
9844,20,54.576753545083584
13449,254,372.491762677892
16069,27,146.24256737597423
2381,3,70.99840017918875
15602,178,136.11960245741693
7772,142,120.38798698076941
291,83,77.86343885467346
16367,380,302.76619287411194
3572,572,265.1058792615291
7221,144,223.61099068213997
4354,270,107.75085753562419
2901,520,286.8073532507918
10529,549,324.64561548312116
8571,70,78.3858405060391
13628,97,161.50520113726256
12391,227,214.85365365446538
6689,123,129.29152330242678
5294,314,251.6179912478193
10557,90,141.9830622558079
12671,28,139.69590842629066
16720,156,198.31190974497062
16900,106,200.5405799545874
2849,158,252.07257950590048
14218,275,410.9680402302735
3223,5,48.80169449977539
1057,222,114.62943154427882
3593,240,318.01990862425924
16450,1,74.40095368114274
16021,39,207.80400654365826
8268,5,118.29093299145124
6585,148,119.07911271746569
17115,26,167.99038795938486
2176,38,78.47628730941832
3648,165,139.71327861134273
11854,2,288.5188572683175
15588,446,515.7950250526885
8652,2,51.58937838868795
15866,39,246.79828346002247
14912,88,176.03366163938173
6766,87,96.72723075976897
10956,537,390.92060942341965
4719,149,220.08562096040524
5527,5,128.02266289542393
1003,55,140.84466405050262
8730,91,89.71025959997293
4914,146,212.62390154785575
2268,54,54.136983117073996
10605,151,126.65079581342835
5392,176,249.45870871091714
2168,2,86.53451476427853
5494,282,261.316693512378
17174,48,53.23341346563308
2831,218,218.82870994437835
1499,145,103.11429511439984
12668,148,175.9166785286731
15247,99,219.2082107806358
11305,1,98.91368916178376
2560,177,230.83408522615952
2406,3,85.21637978901092
3578,112,169.26236078781454
2146,46,135.13314684286502
13725,21,109.32327843882632
16137,44,125.48951007528494
7629,233,283.58477056009576
1115,3,40.98306977679213
16061,151,205.61039024933777
15003,77,160.53126486907829
15201,594,579.3737948470745
9339,10,196.68118648752676
981,152,117.57412373105707
6662,11,75.8222359503075
15428,33,141.16677796268016
5126,349,330.0873151946593
12124,583,180.0325909019126
13459,65,151.32819859941515
12039,448,284.72011670831506
12887,9,288.6372734003692
11672,558,402.08632631762293
2141,11,113.72298095687346
13044,365,388.3554077177146
13901,327,292.0309093851732
15197,285,218.91094488884312
2685,528,268.6018038484421
11076,307,257.6709498385505
4875,45,152.7131797192528
8378,431,181.84536101954217
10685,370,176.30983602068778
16023,461,212.30058321254154
7389,152,245.34326949473282
3947,131,87.44926545537942
13499,380,120.13074718719587
15199,591,514.8620304826424
4992,164,244.85698752548544
7318,346,246.35210952469092
7201,186,232.36832905483826
4716,209,192.30193311364553
8216,59,100.0456596887998
12059,245,441.0782685203767
12519,375,520.673147529129
7628,200,166.70160396368237
138,23,67.58671988942538
5937,203,137.41795000676004
10975,363,204.7318455947459
9612,124,128.6197058087745
15239,5,172.71789364098802
10616,275,182.66979919614835
8001,24,67.79183196106736
10408,749,429.0215240552764
4352,20,69.91271613759702
3475,361,333.05636013449623
4148,421,368.8659499060282
11572,666,127.37771003203882
16269,201,306.18715069687727
10084,18,110.73935617371012
7729,207,181.03205330829778
13102,18,282.28236811864144
17235,30,84.15428799736318
15363,35,197.650275332936
7008,206,254.1264246317741
16274,386,223.2321760454654
6730,54,83.23755910221122
6070,159,237.080690128727
5652,98,111.90809938875829
16823,345,230.41481705556012
6388,591,268.6347876697508
15256,306,267.55552025153344
7896,115,205.0060214851784
1348,68,70.12013977725181
3129,17,56.10773863571994
11999,66,165.99461953569357
6927,31,87.55106675374148
5217,119,142.56513861607925
16848,198,102.66130568972555
10585,7,110.99527534315611
13791,607,355.82819211768583
15488,387,438.30033837170464
3422,166,280.0542941735356
5568,236,232.24548629987297
11514,108,272.72119816731
8879,281,206.689948863198
14899,70,93.17952811476104
10204,25,92.88287518529128
9124,23,59.618977899307296
16051,216,306.7232742610199
12673,17,143.17400409660246
3985,152,128.75069675207314
6105,167,143.71286506485802
4462,306,264.1212856666303
12734,795,430.9788514331623
16777,373,163.12596515667545
10497,368,218.1832509184923
2299,297,133.35826412853268
10049,530,265.5410182557914
11377,22,110.57126376282416
961,174,113.76332357582639
10391,27,188.73442646487132
2301,236,153.43194742978594
5099,454,188.54067616757786
8355,354,212.20129463945293
13714,254,440.46804604049106
3904,151,228.02218925838085
5462,338,229.49714396453896
5906,120,237.03727617424843
3071,276,260.25349006541535
5435,398,160.9170244409658
2309,4,43.94114652668455
971,24,24.19371043511476
10281,159,219.25069935190905
6806,42,151.23653181035286
3205,106,172.57721827319307
12065,261,177.01292825733844
13502,177,133.46093022521353
6437,511,295.5013972140216
10664,250,161.97926110774677
362,118,80.86068465042656
4808,8,85.0258520401989
6435,360,272.3774730443689
16895,601,329.855020946135
737,5,64.73051518023503
13801,37,131.5513916914833
7885,5,134.25369963000307
4465,214,171.36844586385953
4203,36,180.08471088391178
451,152,74.7147662477884
8723,59,72.9465774682743
4257,108,140.9664758312874
11936,348,382.5778662674733
8202,233,124.44912877267625
16629,296,332.4690615987142
1633,221,212.74242492040614
13541,345,265.6408469235891
3502,225,246.13160367256103
9364,8,127.76691249696435
745,52,58.203367539640674
8847,108,114.74374581170576
7640,106,128.3769321600279
1351,78,114.46296285807026
16643,13,55.950715552575616
14615,9,161.47454232331486
11060,62,179.78764775118356
13742,857,439.81121826828905
11733,14,225.1706502382374
12265,33,268.0465595386379
3617,451,369.12122974854736
11209,30,318.4706079012133
16262,410,119.56451199007459
12314,36,143.44991144965857
4,13,31.64203353550843
9330,310,239.15973876927637
13787,270,436.49286944798376
5121,27,52.41774457087525
12382,8,197.21245097702777
6434,245,305.3835620166441
8810,140,238.0238739805299
12564,239,247.43544893492043
14551,459,356.7580353260242
7071,15,84.5814372564982
16531,210,296.58312747072483
4114,42,157.06797356044936
5505,112,213.55225127685637
879,7,47.9901560566727
10368,1,201.70691605597665
12752,180,355.8428148204671
17012,310,228.87335122487102
3336,188,118.97866468415427
2623,5,47.57714470891298
7773,226,150.6818423128392
1511,128,42.23446998477309
11932,634,243.25014198647162
5949,207,150.91358741776696
6671,365,374.72946362116926
9097,90,197.05163001151251
6513,91,130.12412646410638
4573,127,281.58278164758644
11647,575,370.1942460125838
11504,584,253.82029113446762
3734,118,210.85565488555213
3685,123,246.86478908556637
6259,317,108.13709652842566
3060,212,164.8705360451279
14238,178,312.5751626853482
4695,153,224.923065564497
11439,464,238.2588691007393
15501,146,190.79425382818806
11777,230,238.07583818565118
2857,113,225.88805705672058
15265,34,279.74300461695924
14607,662,346.99875133932375
709,64,55.95912511402637
1211,67,92.84968674410098
12388,710,181.68862953611156
12067,105,210.57106012486383
7875,358,136.26848766981766
11192,271,317.9597475493345
347,26,91.52596335236247
12910,14,241.9395441561018
10429,287,452.18217322474425
2520,122,147.20037529533056
11783,13,272.0397909308839
9420,228,158.21172572574332
5107,330,272.0989613405325
16734,37,284.6308772966936
14669,348,290.1145051295916
11087,5,131.74922173404664
7918,154,230.60859858632926
2936,7,148.07901629119024
938,125,103.94081145842841
11773,732,400.4002095795965
7160,71,94.45703985016331
2421,263,156.77125334609406
6533,524,208.1567269830089
6884,123,134.41556825414958
8613,292,179.57476766991135
5479,6,102.67785795940917
13177,6,210.53484190178543
6174,374,218.4063238608041
2026,48,97.17765703761233
2930,120,109.54920621412663
10895,5,172.0394046697048
8391,76,157.43906457364625
4041,122,95.97638854511392
13556,64,240.16704349752922
9684,71,81.95332495507638
6189,30,108.73002747101314
11417,239,210.4586719451202
3033,99,116.98830351912446
6880,31,125.17924752886306
12497,316,519.6559204985552
6399,7,127.69756183604453
16195,419,382.5916074758357
15517,528,481.6765869710805
8118,140,127.54376784243514
10584,6,110.99527534315611
16339,442,277.04531317895345
13139,285,399.27420707893975
1740,5,69.96838322002988
15811,135,258.18156077243367
2239,1,79.6936932373365
796,55,32.96796814049037
901,16,41.10518584985963
2772,156,162.40095219825983
13612,729,284.60743319862894
1262,189,101.4020771121987
5567,334,253.11640359684083
48,5,59.24272415238282
16563,232,209.76516636396028
12094,16,142.16265975525388
6194,192,185.77434690562808
11717,295,220.09321979276967
12456,10,163.90715801348637
968,45,52.13963048307615
2590,55,50.80609007400495
4035,33,116.7727125986656
2713,129,103.24479349628119
13203,230,169.65986721023646
5961,230,115.56809419724745
17315,18,60.76268910421032
11464,289,271.3449859152502
857,1,44.21249541928562
2052,192,62.29431929942472
9930,522,316.0310878852954
11275,144,163.1296853885675
4339,452,358.24416240533463
6418,81,166.91630997487687
9116,349,159.46792400200505
837,95,35.0608501812585
3121,26,126.27812276802722
12698,37,112.03142346244971
9194,37,103.62286545187341
14119,274,441.5369662344542
4661,10,109.4755866273853
16323,172,169.53135571580077
7758,31,89.20891999688021
1494,77,95.82002187330342
16146,466,285.424476036554
12763,123,308.37916793827213
1021,4,63.216591916654664
3533,3,144.21490039672182
10035,6,248.53572304715627
2233,108,117.34038252660491
6527,199,226.1384101970499
929,74,64.69456478979494
17043,120,175.64320467234867
6770,230,250.93276489361998
5026,335,242.528877211524
6181,5,136.12205615928144
13156,152,230.59856354753342
11090,96,137.5709475865722
11548,557,146.23288443173317
7232,106,149.90401853217597
4801,125,184.17665176239987
1871,273,106.71608344471116
1398,72,83.05994287461074
5690,237,271.741224092897
10163,327,165.3562265081641
14840,706,627.207404947543
7920,154,230.60859858632926
9919,326,141.0636660166779
13355,489,389.2479142134914
14778,212,266.00112329999394
12492,534,512.4870918943541
5422,141,92.33003043925653
4227,54,212.36835485158844
7607,177,215.61536048690775
13758,236,290.69742253821823
10415,23,152.35715025343924
15101,334,308.9720807710188
11977,12,116.7908915818588
13668,487,442.02290910449784
16843,285,208.91748564046216
3981,296,286.3991280398844
8115,318,192.8741880947727
89,54,80.54866854709435
13737,288,387.9401531053939
14392,416,329.33733380278437
2320,139,230.16699921876798
10658,8,120.9923096518956
8539,24,62.59890898134058
536,46,36.91064858731857
9683,205,82.42651048366298
4098,216,279.616298704929
3707,481,243.1174502937602
5380,14,104.55364515914799
5611,343,213.8932417270773
15331,171,250.2097140321018
10716,184,257.528169758695
16222,217,332.95061887126144
10595,298,196.0938722868177
12368,282,455.2098970675178
3064,218,274.5101709031972
12418,302,387.8312722344225
4346,138,178.21296389466679
6423,8,120.09519054870842
7202,298,232.9978980676809
5668,182,237.52127490120273
15465,291,448.4673558791188
8452,76,110.0587255083491
8725,315,79.13206334294577
2055,58,51.56439713044698
15315,428,148.82801990955005
9454,267,162.30902542551533
10924,354,158.38823761316857
12107,291,481.1822861356492
6429,168,246.20742968236942
10086,304,141.73536286405292
3828,224,227.55143454343747
5640,142,268.3838777965448
197,49,52.35386470554869
12661,593,554.9676868662282
12592,448,472.23588042551586
7673,246,121.23804778718744
7437,170,206.34272364498543
9933,222,165.08522960425378
5000,26,73.11533863516495
5183,286,226.6217304715264
12373,834,471.74285204799725
5050,271,238.42718377542238
3822,7,230.68804052848063
16373,113,152.94063336533898
7515,519,233.99058247037394
7853,218,171.0022526389746
12096,5,141.24355527500725
6016,20,86.15412938608638
13085,293,345.88752111093504
16548,31,148.0600932335011
10213,136,196.4089362389153
9103,3,120.91468909576547
13226,187,195.90511586123608
4689,134,155.2254551908448
16761,2,171.47356339283704
100,195,81.44882953527342
10893,41,178.65062132061976
17084,218,301.99660930637236
14770,278,493.6926171538706
12026,79,105.45257204668759
6833,114,204.01935769573277
13106,133,156.78639568515214
1122,123,103.78147617741425
2251,25,71.1465964140341
4402,292,92.48216575404415
1768,48,132.10627052782152
11450,120,188.18867393785953
6179,25,167.79264442580407
8016,148,205.43046977320432
13038,174,392.5026749702479
14798,852,460.3380981409473
2863,3,57.98871868437461
12091,106,144.8356022507281
7909,1,85.40279922365441
10085,109,109.79749101975462
3485,45,59.18009655563798
6110,28,110.58457295608194
17058,313,308.47979421813295
2010,86,152.79327421170828
908,178,39.213930897885305
14506,514,438.85862369441026
17151,90,61.69836845417283
5862,291,142.57534743199548
4872,267,252.0994965382674
4756,24,155.2222588639313
11344,35,60.32281468952648
12256,431,194.46254238603257
11320,39,100.41881880583698
3602,171,246.38056092559827
8919,119,175.74444509499352
8551,10,53.39317202437268
10425,211,212.10223090370675
2821,108,170.73913883023
12864,4,206.30738861431786
8496,86,93.59132835816311
12296,310,273.7827382148538
2335,6,169.9251934823273
10334,509,357.39673457557
6693,149,262.78688951138486
12903,612,500.4198527849918
11141,265,169.334460295627
5199,185,287.41129883601934
3054,5,99.5826560634256
10025,529,386.9685929301404
2929,151,174.23152296584013
9914,9,163.47311602215208
5818,229,302.4376366121428
4411,265,294.5320427784089
12850,551,499.29186486519995
9513,234,135.51270709615608
7723,167,90.42795118160635
6673,370,399.0547884399721
2445,38,91.38573792735902
9913,15,166.06194314615507
1594,53,87.7494021379532
14620,646,182.75880739368299
3264,195,223.9801312799729
4348,39,120.69202873466172
5925,136,73.90377502767224
17306,62,82.55105123354366
17037,211,165.57095555283
3439,4,73.6599127785537
14732,32,243.66566010303276
2137,45,150.00042132865082
665,7,58.49069428858306
328,8,26.12990041632117
51,3,62.11759192704459
3939,104,102.67582527438796
9751,20,119.78465553589898
9144,69,68.28316965194443
5618,136,139.46542411842245
7268,134,152.8439797502269
9157,129,61.62763435936921
16902,34,217.78368861933544
3412,50,254.58291580325994
4374,6,125.47650638593572
13402,214,407.0562016860296
10713,175,172.8951554499546
11359,101,151.91977881402983
658,77,72.53115512856134
17240,2,97.72930977678938
2004,287,54.05041546007203
14782,9,263.27883920394845
8484,4,27.555662680321802
388,93,53.428035571980324
3943,5,88.74143098609794
14942,892,380.4024247260968
1035,145,101.26510932261195
3190,349,267.859317726804
2096,5,27.75181160014135
8903,93,72.93157075913949
9717,281,152.60778534600433
6358,123,264.6684657976512
13161,360,365.3776306475483
16043,4,131.59907772313144
16920,540,262.4581558502819
13702,8,135.99632632646023
2361,34,63.589240954449906
3547,266,256.1169937628228
16989,447,341.0861737574436
8290,43,161.87667148504443
7250,267,218.31088623492644
15934,185,318.02707942973115
260,16,44.693824073397266
14363,391,114.50130117865835
3106,32,97.68250739755507
15308,102,204.33230944663913
8675,14,111.09204376513063
13087,485,409.21865102444633
14283,481,148.14414540748953
17339,13,61.37617410166362
11472,2,107.60771973860058
13370,140,104.12424305984052
4290,331,335.62281620375
4414,365,241.89270505921513
15205,575,618.4916288775067
14159,30,115.53549629062826
5475,74,200.82775139617348
9392,18,173.6837755317286
14094,233,340.2731041829467
14058,192,374.32271591592234
13671,338,125.6658548479348
2472,83,198.76674577526217
4605,496,315.4321891412695
323,36,48.92450730053712
12037,508,319.5061997526244
6551,214,245.12345067641058
6763,209,132.64603741635847
11288,362,266.26548908043395
14906,167,158.05260338140167
4654,379,328.4981078303063
10377,219,264.19067306006474
12102,185,288.209572450684
2949,289,311.08096079704313
13377,239,356.1814149174153
7413,108,157.85017666714535
6349,11,92.03163516053098
16857,4,135.60767139788575
3462,26,69.9512674332273
3363,35,160.10492187548797
1098,113,102.31901738737807
11211,461,352.52422074688263
1329,35,65.78956639705663
1066,4,81.47580764902222
9367,1,128.14682530585338
14656,391,386.2657793395348
2282,87,76.84318800027445
13348,133,169.11659838105754
609,38,48.108824895143464
3051,44,140.0584009678326
2118,24,34.06231424206842
13135,233,429.07824812483597
9188,276,101.91136658710221
5447,58,108.03834023542782
3434,127,98.00111365117698
16855,4,142.69732288143945
6952,18,105.81098348032577
1024,223,68.9747807780915
255,19,41.68071733543064
15028,175,226.48928742400423
1412,2,36.39894253108624
4280,14,73.12668969412674
5776,41,151.55790694654092
15439,291,401.71492883735743
10312,354,285.81600017287485
2003,133,51.20593087949411
10891,158,182.98404919868685
1043,1,70.14486935805834
9021,193,98.40789573946313
8205,167,214.0700137086838
5229,559,287.4701345514617
7686,80,93.97777276395388
15498,160,324.07784145521475
10147,149,256.1581938088443
972,20,24.263773880891932
12490,593,510.5897945970568
6935,206,240.65566115745926
14385,288,381.05768854462144
2555,365,125.4210994905179
7803,184,271.7697575621777
9141,110,75.07841984620359
8028,3,139.76752513080152
2815,17,108.55746526849359
9560,98,125.80847231872693
2451,33,95.88036430401051
14426,181,184.94009137225535
7246,179,210.20568633578253
7581,97,100.45130853009974
12688,302,334.24992249259134
17075,31,91.86529388788891
6851,31,139.95566032667836
9237,439,127.46601390193344
358,32,49.07972120600167
14492,168,292.0703558818735
4470,25,67.79193872231265
11393,226,239.25119459902012
11166,421,238.71118934068977
3618,404,372.4369244663003
10611,34,185.3934366257758
9125,26,49.29593618649158
16807,100,143.05810972955075
4255,6,94.73738977771617
2500,7,124.27607313772823
16469,79,292.4457408413501
5158,228,173.93602311362227
6154,54,213.28580274478367
8511,18,70.93519992598294
12565,681,247.43544893492043
15755,346,527.3479368168385
15582,222,377.32907572630717
8196,3,86.65059671924196
12996,373,404.43021678815234
10908,268,373.16874519648525
13438,7,186.37877010083548
12405,27,275.95189374408034
1347,124,86.22311769531905
6428,237,181.68865306464997
7552,56,74.82439124697973
5251,298,329.46878499098506
2481,54,90.84203430525213
2639,105,159.10656206626976
6889,120,102.52322490985402
5991,4,55.93424174999148
13659,76,140.27774783108865
17313,3,42.85859566590747
1316,30,78.15100104511856
10176,6,102.4563257856698
2603,47,53.11447937360265
16356,39,192.1460804911222
5208,230,265.78886258074243
7101,168,236.347491537607
2459,43,130.37513302585208
11573,315,127.37771003203882
12222,183,351.92420247406193
5859,24,85.4888841090456
11533,683,229.57997620611957
10072,253,131.7373225827665
8701,354,66.97749750022406
1040,15,75.5936095929296
16190,264,98.9323155982857
11558,743,402.1047678324174
7683,210,89.43953996489292
12284,86,348.09785656447247
7360,99,40.323815960786916
17327,97,115.16190149765444
6460,228,123.82748939689397
3563,467,236.33562896487746
1148,212,132.9491836188916
13124,102,240.6417986369539
3849,113,128.55167744037644
16294,267,370.08757839137985
13057,35,169.13311390101097
17017,109,145.42694445566065
9038,75,125.08120227216375
14824,404,314.7123767522494
114,42,48.8835389757397
11632,313,372.22676683417865
4451,182,154.5190114334622
11534,664,244.8441564386922
10252,29,210.77711496109558
16351,27,186.010522712715
2278,177,122.8895210250542
14041,36,177.4617408567289
16692,138,213.2955371794468
8940,419,131.35708805623733
3486,18,59.18009655563798
9736,134,267.39126888825604
11459,324,351.7178497194484
15965,156,310.12785628723026
11498,7,67.74100900858163
4292,349,343.2485641033247
8733,131,116.42207706954451
9610,448,142.56223614059218
9791,129,228.46340432348052
9372,261,117.63586381117068
15068,64,304.88799399198615
16881,3,168.10556604428498
2928,152,169.96862061246173
11290,394,494.7825422027639
4619,127,96.72896535738946
4903,6,116.88698361618592
9720,77,148.0795712094519
7572,5,111.83100984018226
9004,25,49.08560589828179
7699,149,54.22990750074288
4639,10,96.52278282694006
16739,49,284.6308772966936
248,76,73.91362967459072
14569,38,122.80861282905417
3992,3,125.75583740852625
5162,55,110.11461302112126
8226,239,145.0749322140681
5872,2,65.07834201119859
4519,6,105.61986683815076
6182,3,154.38774904043223
10613,346,239.87566911532988
12106,252,462.6108865553513
4930,254,97.69870074191168
10490,14,147.89547656484106
15319,304,465.3588282681867
9931,369,268.48171240942145
7027,223,211.13798151305292
3100,82,104.44792777498166
3235,302,230.37994246843667
1600,7,20.702851443738307
4025,152,272.7870080152089
5100,226,202.48260223704165
5764,283,272.4392793003784
15531,51,119.01907268710508
7992,296,196.009930516487
7661,157,185.54192833623276
2627,80,52.09990520403827
11258,120,236.50249060018265
8109,173,183.71064096719834
15549,29,383.7791328828413
16821,541,260.8397533086677
16741,398,276.20029825811946
8769,3,143.950395826186
8370,259,147.90588872994556
1571,28,35.21049527730755
17249,15,58.8937805735075
12574,4,127.11289940351317
1451,164,180.7476362186484
2563,294,268.1296729224758
2079,89,93.75566823994686
4094,203,281.91483410656895
9148,50,63.60715498712512
14353,16,99.61016010339912
3194,56,123.76452937613314
13715,236,439.28292137966616
11551,229,323.6140411151291
7696,64,87.9212979854541
2920,253,284.8936318055206
5532,225,256.5445293753791
15939,452,330.2467611923949
7067,11,53.184122832733436
3208,122,174.9007575836527
2716,20,109.62274268537264
7086,182,147.9249953273573
4170,202,257.3544978685723
12977,236,299.56544977596525
14167,536,374.03497500153003
6992,94,133.77554892459105
15974,21,190.14947856825583
7476,57,135.31892423533597
7146,80,53.474395190336935
821,182,119.4316065521148
292,42,79.11698587710346
14844,783,613.1659391893544
7865,449,165.030625308797
654,84,65.1391231942206
15381,37,110.96895815205147
4217,188,245.8882647830023
11653,502,402.2771532072542
12144,2,91.01435473721189
931,140,76.76177917857717
4238,169,262.01977618920773
13211,280,446.143874615383
2860,7,132.07271693755422
9855,263,182.33414489888744
1454,70,102.85528666333842
1607,99,60.919888313476555
11418,192,185.75463342123396
3144,151,87.17075323867822
16841,250,205.15655687396568
14002,538,484.07968280950746
4949,42,181.7947897513466
1457,44,104.76874056709792
6974,6,45.84658250730705
15946,10,155.11326163650853
8764,60,105.14373839351009
17378,61,116.63485849477613
7956,9,47.29879048873159
1711,59,100.37393618480056
863,135,93.76789865276022
5747,177,238.1979605405196
15505,11,90.46620865366961
4829,6,105.56830615573149
17276,174,130.19087082232878
9635,90,82.96292969628345
15664,229,198.50144691426658
12774,150,279.78763322582233
4984,294,299.93757594037044
15530,24,109.90929636173753
9598,199,218.22880179170423
567,146,66.3778062808424
6307,86,116.98636112990225
6326,5,142.13223166601614
6157,13,183.38358368708109
8021,205,158.05448882424756
4885,114,270.2897253923809
2862,1,113.87750143001129
1966,159,142.39673976238257
5944,7,71.23088203544982
5091,54,105.03475560954112
10775,27,230.96963959152615
3048,234,162.76384105406964
12725,328,181.05482149483967
11496,4,86.66257357230347
16443,52,135.37478013181038
16632,509,224.518853349912
4709,9,148.9332230825863
13445,318,350.5777731013969
5226,194,246.0536856044566
16945,348,258.55750795203613
7018,30,159.4907826010304
11702,680,392.97261737260993
736,12,64.05592410688067
1558,44,30.369227107807685
13033,40,242.221729360152
1442,45,34.7167594524056
721,123,59.611415646327096
14425,40,184.94009137225535
427,112,81.1688655203974
14910,160,188.56158345512966
9805,286,124.398630670123
10767,703,294.2401849958079
14649,354,483.9059992032954
3246,5,45.5178654226227
10952,291,215.3258755939271
9250,239,177.90538109590142
10241,544,325.4258412808569
5722,289,184.02418006511348
14384,283,333.36671780970823
6984,408,287.9836393421339
11419,104,190.22235165923667
285,72,46.50214485452184
13253,328,243.12583202433893
8222,26,173.703531040143
380,13,46.88903966870647
15816,5,251.2045942507871
9835,157,133.0346134144537
6936,198,255.46544653290616
11611,121,175.14304117503008
1164,8,96.23250951380923
7459,160,78.5593980768075
3740,409,224.33091624775648
4902,5,126.90919567675874
7475,71,102.12691535900933
3478,287,290.93979581606106
7609,178,221.1713173585104
10726,30,150.20160668880308
11742,153,299.71333929987264
1689,18,64.57014469291255
4741,78,230.18379557035934
10931,287,246.21007614306785
3044,259,197.96619658882375
5712,138,266.9181718953669
16487,170,132.59651175342336
7384,98,101.97657727741571
6416,225,237.55881584968947
6758,7,79.33057437094457
9882,425,221.93210895666928
1359,63,72.53080037280829
14239,256,312.87902060714396
17266,45,96.96319911242686
222,52,71.38732276690916
7576,75,144.31007733353943
12463,264,442.398110717709
8073,21,114.79025955787662
11018,32,170.3189756819878
1635,304,213.15218105963487
14760,5,129.7602837989976
4167,170,223.60687530402717
16676,473,244.61444082717074
14763,557,126.40640839351494
14449,35,159.62777359898612
12398,790,418.8375862899584
6221,408,139.06687666089965
12457,29,175.90978052542448
5223,240,241.2229709909535
10558,33,119.573844677735
17074,7,91.06081993495123
14711,12,198.90448464732228
14055,555,347.2446604420626
6282,46,113.26397939402926
12232,204,379.54678253517574
7880,53,125.03617410578241
2300,288,147.75832920664632
13592,310,450.83490184224064
8036,32,76.6962242874318
17368,224,117.73256838105937
7140,50,34.790435296732
9631,2,52.62451803748434
6956,236,176.40970898597436
11110,11,143.00591989747952
8404,209,143.26014905822717
8105,385,80.61949460482222
4966,256,319.1199932700329
8816,32,171.67452035800324
4731,42,199.9763539552254
5047,7,158.07765332933727
12634,376,474.8607477475622
2326,284,260.71202561955374
6396,23,94.84269328911026
6562,73,181.6292853842599
5228,584,310.8573088100193
6741,69,91.18523131286022
17305,92,106.51601076732673
2142,2,102.94384443436091
14031,465,492.48384372385925
3573,525,271.7822540429039
14686,96,140.2306580328059
13308,492,493.08389625866243
842,66,82.53460277904185
6342,383,310.4142154038222
8146,62,60.12809948846494
14974,14,169.0118284145389
3814,223,166.97000680770122
4368,245,242.18248019364597
15658,365,414.31892596612136
7888,285,112.32153554107767
8830,219,202.82467379140093
16456,112,85.41346478213178
2449,24,49.50365257801143
4502,128,213.06657123349507
1011,205,121.29260301262707
8900,118,106.87672623060787
9034,126,67.56720420591891
5816,356,315.5844328360179
7592,84,86.43290381296345
448,91,108.83316827491547
7989,329,134.59611227322802
978,47,30.116205332386986
6139,69,116.90332156391844
11682,157,206.82499226318154
14034,181,250.03925533813234
9373,144,157.78812852853352
8595,68,106.64833073472
13208,266,260.7032765105607
16015,53,122.77688256214775
9625,65,127.11647411461462
10642,183,141.54496845554715
16502,21,61.84524555733392
12852,461,492.47226415711026
14932,797,206.9475419226312
16667,8,72.35498715550591
15181,712,616.6130582522468
2642,42,50.06408952698652
2572,24,91.13868442865224
4857,110,137.24984283728756
10209,129,137.4265025223135
3036,203,165.73477676262797
2586,75,61.12328176958763
6779,106,246.76755128714478
4882,347,214.8136020491873
2040,44,41.75526323627565
9852,208,99.51222252312908
4961,305,296.263591993592
3652,14,96.57261402072884
14519,42,83.12247157037785
5246,187,262.1575277301941
16266,166,223.2321760454654
1167,57,64.83401192091534
10133,7,76.45714051854037
14971,154,255.48343811372632
11994,338,443.7454653618422
9424,137,159.78801364312702
16803,171,149.7058542882537
1145,161,105.54133687475652
9605,5,86.74032491646976
2482,168,135.3508010699737
11335,77,60.30005843447436
17290,51,131.92617306207836
12206,383,405.94000965288194
16279,65,179.73328389464973
410,7,42.83413131262063
2130,349,239.6493740461221
7557,60,65.94514942367883
6260,111,82.41994399446703
6799,179,246.57681795821654
150,59,82.02802775152462
7917,148,237.68035537186225
15573,13,199.59530485410522
15373,157,151.94053320221502
95,2,34.915612765994304
11292,580,445.0275895708937
15050,168,190.51906525836867
11745,266,381.015800106685
8837,15,119.15041148909049
4126,375,286.9838701627017
10355,250,307.0679751507748
3548,486,256.1169937628228
2267,21,40.97171552857778
58,61,80.02463925621714
3906,159,206.64164264772475
10264,597,356.65440954096596
7811,44,86.69863956861258
11834,21,111.13728586379425
1963,164,129.78860192917384
14205,10,112.84081297857205
14859,71,100.69484970316914
8407,105,86.68101670327206
5171,349,252.23614234952367
7730,173,171.21362794441586
12769,40,93.26185717417808
9569,54,122.62004811904882
17259,10,58.05662040485534
2190,5,47.69384319538259
11210,144,336.47637432136975
12141,82,112.67282675036445
9499,296,128.8382597628312
14029,505,482.9354712748595
13943,6,96.86041365760612
7739,24,81.57712889394259
15383,10,112.52895753034655
7203,506,228.74801157694975
12968,226,332.0862442932149
6135,1,83.87698026288973
11913,350,445.9610691391257
12485,340,190.42054811253593
3288,227,237.6492257014301
6557,593,221.3488241483199
5806,70,137.05145443352603
9801,41,38.196147252595196
15639,513,395.2165935094078
103,46,90.33632769037305
5362,346,117.86425267215186
12635,377,474.8607477475622
4706,92,159.06085539665037
8251,109,174.01470634213092
12643,222,333.09510370025305
13181,242,310.85964074433724
12717,14,153.7314426846143
3450,374,367.07187551013885
15702,443,333.2427545035612
2544,172,248.76196342223355
14180,187,262.028071128936
16085,126,223.04888089218363
15374,106,150.29881201162053
13138,275,412.08740253519784
17116,21,143.96548354137894
16798,375,180.09650550033874
641,33,29.181904132624005
13389,25,180.47966177115273
10421,381,155.526434104055
2479,6,91.9114106706632
14147,383,401.7215823404162
12433,34,191.42493770572344
10191,210,174.43028723580952
11284,700,86.61977439861502
11935,279,275.6605660197536
8827,328,206.7052847443309
16032,360,284.5896293697581
6878,3,99.81049040214397
10811,638,272.0370879824673
8158,268,221.91023876556244
12536,261,461.6724922876759
7029,166,227.98798481069315
17149,20,66.0864732291251
2719,9,112.67191435036773
5272,253,280.3329417141309
3473,351,333.05636013449623
2827,269,278.65016575284653
9840,55,43.135308584625605
12371,292,478.0131130351026
17025,3,143.22789571796136
14226,161,120.37996522452937
7235,15,79.42257932443948
12528,7,170.98324785855021
1982,69,94.95596705675298
8629,19,73.37221001920949
1430,87,71.46443148861779
13391,3,183.54151712601313
11423,6,167.822201361285
6713,112,117.71094461932951
4075,275,235.77382344081033
4442,151,139.08634689971137
15282,241,323.3513153165015
5006,119,229.58275966335074
15916,268,350.9033123701721
4154,78,231.084263651314
12109,798,488.6614302797933
2389,89,174.27624426506483
13463,36,139.09005213345907
1497,233,108.75229896340532
5801,43,108.43622132221873
1990,241,122.09025296464287
13657,14,153.64234565502926
4817,283,268.73356970366217
3711,149,238.71185576349467
11467,116,195.38512784150817
9788,377,231.1432813558096
7361,323,51.16135190724321
2875,195,186.85506672336675
4270,318,330.2070396799333
11433,197,210.45636389011798
2007,81,141.04787432481726
6210,330,100.00749612968788
9491,62,67.6728754875914
9926,192,330.399826139836
9647,48,61.69185860934087
4266,381,360.08289715038813
15227,329,401.4681307924327
5035,274,247.39936105322636
9035,93,63.02438401917651
13276,702,120.47354975721844
7048,92,141.69462163447974
11458,300,260.50859104235883
14279,9,96.44253009916743
5850,21,90.48042947598016
9971,210,136.92297076166426
17085,237,307.3499673865531
11807,34,124.56458719487298
12278,785,458.65428823661836
9293,41,86.16830186369252
13961,336,319.50246466448283
11469,67,140.5396455242281
6291,449,315.1040682903754
8298,100,96.20363120614455
3781,264,266.88687134532324
701,52,49.03662390265551
8362,6,181.17424539802343
1120,55,70.53880721941253
15802,285,404.4579271797077
2547,44,241.21171152078537
5728,25,121.82318756623987
13493,207,140.91016578206248
13229,331,263.89552023196757
5513,225,300.44249717963686
16208,5,130.8135454971692
1315,59,82.73176917372845
6246,420,158.38557437373467
14482,436,459.95964979271577
7975,114,147.6893935850217
3523,249,218.85110486037092
4510,373,223.1045352811663
12379,86,264.8778937895088
3753,104,85.0786503646033
15418,244,370.93833214556935
10273,11,150.50533262796668
16626,268,321.07211257643615
16265,153,158.84272205071255
14069,402,300.2536442675581
16854,20,121.13954566460683
14735,8,238.64870503128233
9858,253,230.7075185782809
4221,588,292.0927028543687
5934,410,161.70535013782646
4990,274,277.5303478616703
12353,246,434.5775958895089
8455,47,67.36838246944087
2681,155,287.20624449893194
951,1,17.70124410294577
827,27,45.20627255822936
2752,308,252.43223748018312
275,57,57.094072632735916
6052,599,255.82723940213143
14305,38,155.9590109529404
2931,86,71.51946914548292
16452,10,83.34559551479302
2615,183,120.06311966348248
10943,11,201.42729931022689
3965,72,138.2489815706833
928,24,50.84332846043691
12651,78,163.95473332920423
9737,171,272.78665751334887
9820,48,130.5880635718209
16263,646,125.36341440710642
14875,94,157.9495136578501
5397,556,270.5008180735337
9697,36,153.15009878766804
7059,454,190.38755129769183
17192,5,47.23529061137117
16155,192,286.859612415141
13575,632,326.4662925568114
8046,114,158.53037143615614
12617,337,245.76760953190725
8289,62,176.28667755616337
2797,264,180.18754358411573
10964,113,232.12222317768732
10941,61,198.93576425544035
12704,168,149.83848733594618
9003,29,61.10470243126028
12243,483,154.4222692143624
3315,41,117.15900473511084
17041,340,194.12796051450053
3480,229,143.4668829453809
15982,455,282.14449807406197
6661,19,75.28469012481732
1091,1,103.20785377510299
5285,74,161.90177293699404
3708,202,243.1174502937602
15812,71,251.3611832421264
5332,10,75.85662664801158
3442,50,123.23081577644255
9052,10,196.17888905257104
9923,182,192.09183770788093
9692,405,217.63150615391925
10057,6,166.50692423816605
8065,31,49.439287707327395
2215,3,103.58684542907004
6561,154,209.81618713309817
13221,15,189.63117532886866
3324,167,151.41023152062985
5901,69,75.15930357256717
15695,41,128.91263845563418
13818,202,383.5173247388991
13403,244,400.591335158933
6875,34,154.9670688463615
14368,211,102.03302058015824
7164,3,67.30245351136263
12788,93,249.36885884506705
6858,341,73.56368566137239
602,60,55.73541016021804
10797,123,164.7184713211176
12557,285,246.21495988206868
8815,67,188.48501447504452
15179,727,563.794116261951
2584,40,61.12328176958763
14275,140,97.92159176344695
11106,158,197.4206402201534
14122,248,492.16284258560023
4644,184,227.85617005612397
4202,81,196.55381380541584
12762,257,340.4407429749418
10260,233,356.3526045536802
12355,108,185.36904051984772
11147,658,556.9719661693647
8603,10,53.26239266606531
14293,820,490.30935464809716
11032,421,309.4733396355777
9480,78,72.4686960283007
6704,175,242.43445640236803
2203,117,225.7469020371045
6432,266,319.9721332675952
2128,313,196.5576431994007
5865,163,85.10027535743684
10039,325,171.16871523696219
9951,94,122.7938586624172
440,249,64.05184432085906
13090,547,402.9822130649294
12031,106,158.17047928477075
14319,536,340.9539942676289
7541,286,193.86914662045268
7657,351,206.14698010235458
15357,109,157.86807508925398
8197,4,71.8272521658974
15937,689,298.2475262052642
7488,371,282.75881671899987
340,129,105.13937494619734
13721,322,198.27680208680783
16461,435,379.22831461262155
3078,4,131.20088624172206
9133,45,52.24332780760204
3546,152,241.39403473697476
2484,169,156.298413468107
15242,179,210.18046624504402
1625,3,65.73562060386034
14953,56,142.90131149858644
16163,11,108.91980181213916
15717,11,147.52867623752897
904,1,53.35677892150903
17326,110,90.0953163505176
9149,47,63.21598147595161
5279,287,293.5375359453468
13362,130,154.88101187258292
14457,290,374.10523576592936
16375,29,190.5975117250451
6378,185,83.68652455672138
8959,20,51.14899541196183
367,67,71.20997552350343
16344,280,227.3611296236522
4861,138,274.1721296990406
6864,219,260.69954282718334
2951,219,273.57109054408113
17253,53,66.8455564083869
8905,29,77.23113028840379
484,3,22.71749733291868
7655,369,232.53711325655502
15515,615,497.06535663557173
13035,398,291.42452172454426
10201,4,114.70227821590831
9986,42,63.864324720396525
201,82,75.09026412150529
9633,19,53.210605482420945
11177,229,332.57552826708275
10099,254,223.78050232658208
12029,186,116.6821610641445
7223,161,215.5741181551242
17090,241,265.41283667585424
4329,16,72.2077648289842
13802,163,125.825124212945
8887,4,101.63894581893977
10632,69,156.2154206023616
13694,419,480.0168584899782
10306,274,159.37755434512854
7724,76,90.42795118160635
10253,109,214.80761011151287
14746,255,418.97788016499334
14221,893,368.60579538881956
11958,255,383.95405732060783
4489,143,206.60593539168374
86,212,88.34610742611001
168,2,28.79500495670632
9287,159,150.8676971163256
3015,217,254.64135852847963
1695,31,67.14114248834584
10945,5,169.3352263456237
11001,457,399.80387644580355
5016,220,167.92544317331047
14330,30,200.45997103825533
1200,6,54.47245100886145
1784,40,98.02672479139595
9808,427,257.63628354007363
8664,106,186.8294765844049
16926,32,155.0048607290697
17047,15,160.36363252487428
9309,241,249.1181422037743
1419,150,55.531861822855404
14655,568,460.1884105706452
1706,253,139.8863864950741
8345,397,75.64480431133528
47,8,48.43259602879857
14530,457,271.64529979132243
7801,314,272.6529631338892
6400,22,103.70995176331867
5387,487,200.40402213500752
7409,272,117.97496651878006
6097,225,261.45233648322557
4345,326,254.72424410780923
14781,28,233.29920250421227
1523,150,138.77159155099812
11190,224,233.11419738399658
12713,273,225.30602409459306
5562,204,271.583234844383
305,1,35.22463317513223
15997,5,64.75545289895284
1079,146,182.05710547201105
421,78,83.76019319521828
6917,298,229.09008822146586
128,67,90.32681581543461
11148,582,556.9719661693647
625,5,31.937497112312165
15467,460,470.4949150341555
13588,788,456.20380377563146
4231,6,166.0322043095146
16086,60,206.0071387587676
10114,194,176.01587627354692
6436,591,264.3608952145552
16229,135,195.29666539041784
5679,13,135.62544620465567
730,182,97.52530828225085
6542,6,115.22938914452288
4099,327,283.8302803151609
14831,37,171.24386798278158
13498,343,122.20857509291424
15004,218,194.45173654005788
15656,332,333.07276547330474
426,161,66.41366802634296
10621,472,530.7450754318932
16796,215,240.62094199024392
15663,232,144.40306936734117
14622,49,116.73901465948084
13291,211,302.04195175787635
8607,194,63.478689514183166
15571,81,217.1213942368123
7021,4,67.3449122450284
6648,418,414.5372597080502
7198,176,235.3262721226242
15301,901,431.4297953099916
2175,19,64.06116265193641
2276,191,123.46461586096636
382,47,43.125097140851345
4951,10,115.57069909987936
16165,19,77.7970011376382
2535,145,277.5310550888704
5027,435,254.97504647295779
14699,696,583.6237484488039
1721,299,75.44754680090321
3211,294,259.90755050043566
12751,188,374.21603590440645
7901,190,156.98827045154542
10467,8,120.43825603036137
9528,87,140.0232533098029
3483,103,59.18009655563798
4116,186,316.21896875516893
9759,64,127.79197493304326
3705,116,70.44773814518935
12941,351,260.2946367673629
7199,167,220.39214934346225
12757,691,385.1103220277546
15264,11,160.88427015328173
11801,270,428.17940318388037
7577,168,145.47480021973615
6922,50,161.22777962501996
8785,177,231.23019289909584
8423,159,164.5619210796799
14691,70,150.34346744082055
10317,100,74.92603076199289
6190,56,108.73002747101314
9970,183,83.8307442595081
4788,132,187.02355214041293
12886,9,335.27307571475984
12075,468,184.9644238721899
9395,520,149.04882307200165
4124,399,344.3460908645106
3394,286,88.69857188129251
11644,197,100.75575266597524
12709,723,222.7601748660616
13827,67,187.09792205465394
12280,479,385.7347644729151
14565,24,176.27861185732473
5439,222,208.24370009512842
1715,8,56.76101233929143
16838,69,130.91759828340602
14282,192,123.81475224942935
5803,6,108.70610855118537
8324,188,77.16560101109525
16056,402,290.964965840461
10883,311,374.7196541633395
8642,71,117.94727565111366
10576,779,351.9253831143786
10766,388,296.04734040575204
15595,199,202.25637933692175
1277,57,38.52737988594517
903,3,41.60307406580983
6142,317,211.37382799300528
10300,10,61.88836447484383
104,79,90.33632769037305
4399,4,51.967643189167674
11007,310,467.2472950757978
2070,7,46.27880048480937
5432,17,76.52030645588658
4120,371,346.05898244451345
7133,39,33.667638416943795
11352,3,107.41034528011917
6026,180,287.4578014836573
2859,27,159.43984131757725
7079,74,111.75578482190065
15856,296,235.69355950864193
16874,300,203.2409346620488
8095,92,77.56882323901749
14940,466,412.4273718461021
12826,609,500.57014451700735
1694,3,67.14114248834584
6602,270,275.4665803186796
4027,335,309.7051522837941
15927,420,275.01138016129454
14188,124,179.36215889542478
5643,431,396.26701041989634
9501,181,124.57299752273157
1770,140,135.07523371125396
9925,218,281.1686198641453
6619,103,119.76486672104208
12649,23,157.95006345191095
5763,279,275.4920715345734
7230,182,209.97527536989844
11122,348,382.960345519004
13851,68,229.2038652251016
7239,28,77.47106793968275
12452,77,210.1237052128648
14643,486,104.39938811525214
12986,42,103.10538179248255
10329,299,199.81824215781663
1837,60,66.26864815665216
6455,158,108.95732050958527
9085,108,116.87070889442326
16751,605,334.7651925051033
11622,199,224.80609573722768
9192,120,133.72761399007254
4789,198,233.59254642741962
4316,358,321.9859753520035
14466,291,248.92311441385095
3070,364,263.3402211574224
12741,27,186.95804433186308
7222,189,246.70283086189266
12312,13,205.42246644812977
3289,204,217.0201344317777
13421,297,308.3790804968625
16866,173,153.46083337457102
6000,163,264.54791208979356
13210,242,369.2131909012528
14191,272,154.26973035529133
10951,238,209.76611832326705
10712,138,153.80373555112348
8471,85,101.40127038740434
352,15,27.821233533350117
11663,28,130.8835892206395
16387,313,273.9619102438361
2088,77,83.92934026899698
6691,406,146.95034518916853
16467,142,335.83451827431816
10430,426,448.68030748574625
3195,23,133.06472828010607
13441,40,224.75197496549652
13679,55,130.01315052030765
6316,420,319.34669177344085
10142,399,318.8034466107272
1065,6,91.36163363060953
13380,386,499.2407453544114
5116,67,82.43045891631809
3270,19,79.52749530791074
9981,85,119.28486945018747
6931,222,191.51679549783864
10672,491,227.5383324618096
564,116,105.02516931885691
17145,7,60.70450158123711
13841,289,381.8959015198524
3222,4,51.35769979265843
9626,53,132.64165014596975
9023,144,91.55659434792769
14301,42,235.71042091689833
512,58,39.22722162959404
9460,43,73.3914613150753
16762,9,201.6399064537912
3215,213,162.6708736704971
2027,136,105.09578008568249
1036,101,92.49517464319311
5538,601,335.02286924773733
3377,168,240.38272048496378
11067,321,151.17148418241086
5072,20,101.36787731477035
1319,5,97.80157393354256
15147,394,120.38651094690248
8760,265,230.97675752476522
16309,21,61.44669233661044
8737,123,159.31498998098536
7310,6,36.53929388359009
17223,86,94.2959390600562
7585,116,174.07981925429428
15415,193,277.4430586315005
16849,122,91.14804703520487
13281,277,447.0926861474362
1154,42,117.13931306282024
11885,355,130.00420299583737
11518,8,149.139847139846
252,32,53.04606354581811
5772,147,157.57173561822322
10442,3,185.19268680612672
11360,129,136.55444329585126
4751,237,226.26065426060978
8910,2,75.00017079075529
12340,140,139.0218108228945
151,73,79.08385137092141
10293,107,218.77512105192704
11283,359,76.48920220607685
3469,251,205.6205547334943
1536,249,48.13879309489015
10689,178,288.7173936182015
11966,669,450.88944591375855
8181,145,165.2973537100773
1278,74,40.433763975593564
2158,386,260.67284721567074
6088,32,92.4076055350023
9503,50,121.69363192718508
8024,62,135.71224596339349
2496,151,233.7657346970852
3782,325,252.00870054351134
1373,73,94.90725647228525
7303,118,84.64328211281892
1684,225,94.10797041923355
13136,331,425.45444383640364
17021,33,143.0467954317431
2575,3,83.03101090353674
6490,25,96.70719910988221
2880,150,130.19889261895443
15983,448,299.06074879572657
14580,458,497.5243475578389
4334,349,284.66156537479327
4468,113,136.86848305207673
8575,15,86.91669549627434
16737,7,211.36132989044987
12305,85,173.1644643047806
17078,678,76.2489657323995
12415,226,364.28813683461
10370,1,174.5172585746695
6988,284,254.14564651101705
14678,167,154.36965797604407
11521,20,234.35884508438454
16514,127,127.43338635167859
5509,121,282.1497828114519
11967,483,410.7944109560733
5895,2,91.41035559906359
3403,291,277.68266367700784
677,68,57.032501898116635
8172,2,46.06328285703446
8458,16,51.90522561730548
1007,90,181.83525607522122
11734,1,106.56557080747577
14547,43,158.6127296737513
3657,112,57.4178465611251
16117,131,93.78324297834249
15410,143,194.51955958592166
16354,2,192.1460804911222
5766,381,283.6714069916261
1289,68,70.49864204209457
3887,330,247.2973225482371
7099,229,146.42088240404118
14371,80,96.60659279210117
12369,274,452.44211279050955
12394,276,279.2788751457811
12587,281,520.1805568566659
2178,76,130.52149763438808
4852,12,106.43319496093179
6970,88,70.34247736666481
3945,27,112.59534544319602
5413,129,209.35813129525002
13192,285,149.45266559373795
11894,733,327.2129006285282
14617,38,195.8246425981137
13252,674,212.61506326240496
4931,384,148.78732515797225
11883,92,82.4054174013562
15345,710,474.95432801628897
10892,79,174.54944851187915
8761,177,141.6411276992781
17333,28,69.80432482975877
8293,9,60.844667578806735
1444,103,56.2614763587141
3423,243,272.39286966549747
14468,82,157.32520536662383
11040,2,135.09291400156084
9574,125,110.48172185252473
11823,439,553.3660167824361
2316,165,134.94522057132963
6271,179,84.72226746486659
15661,425,415.86958973206936
14158,43,124.25447057033992
6249,187,93.05014463438967
11545,17,162.58517199656154
467,59,85.08206757417014
534,102,68.819401086482
9274,134,97.75689634840266
15058,303,476.92539117973655
6665,44,63.83694098849699
4635,125,130.47024673806106
7882,8,99.58920112013334
12019,86,181.2651192590739
16521,5,115.7519807051175
1714,12,73.58606327190007
8695,3,70.06238861708208
3590,192,272.30549350405306
4707,40,121.41799970778652
10304,148,67.08553091000068
12645,95,192.00448179779994
3275,126,207.62612498095518
639,36,34.460260952645825
10586,6,170.56472925679142
13623,614,388.882237695255
10445,278,190.89406207141448
15760,379,379.9563486087449
11921,393,257.50645021104896
15898,7,142.80924723973536
7320,320,229.4537635770672
14406,204,367.62741491364557
3112,248,121.41280808825032
9980,105,152.60935196427468
10045,190,233.3217348652197
12377,265,261.783433112206
16580,214,272.72560338372995
12352,314,540.8769819637889
8130,149,84.13512258949652
5941,83,96.98416958023915
14010,168,122.68716916482319
4666,277,115.91690513583605
1945,138,84.23328307333279
13163,306,357.753049366702
9213,423,204.2882929976712
17178,196,122.71590827578045
1248,3,41.994379410815576
412,2,42.83413131262063
7766,7,55.57780659298772
5147,89,188.48278675913008
1567,111,63.830775271103924
17285,9,121.2011137389118
14945,349,183.60881719706214
9314,85,202.31824081764597
8438,8,78.71796449398381
9543,184,239.71166071302443
1531,3,32.28205755093933
11233,34,234.48427470412202
7349,300,221.12858711724488
1731,310,153.7816299453362
16618,3,150.13114592817303
689,8,37.81628668814119
13846,73,255.0013744946043
1394,220,55.18264352613797
15672,18,126.55186770211147
14814,246,298.95853417071123
1545,194,88.55618748565604
12187,96,106.09502707604423
4803,119,153.3070046723082
12726,180,181.05482149483967
14960,290,392.9249648243166
9056,29,165.45107422535392
4507,239,254.94999245017087
5726,51,144.21325952513217
752,175,84.00816452844366
17168,18,48.20933671677869
14749,970,448.5187700716659
10639,249,124.24011317703987
10756,117,228.3490506051761
519,55,68.95415564860865
9939,5,146.34132846270901
12084,278,330.44811897868993
5514,199,306.3240405817671
12974,464,348.0004169179521
14111,4,195.72733758906935
11271,586,272.53183895329715
13985,286,366.36622063819186
55,88,57.31340410584531
7016,79,182.6633768259337
9060,202,122.55330019033408
1124,155,104.25174644768452
4032,229,238.96724489645857
9846,6,86.26853582867355
2255,53,53.97229145143087
6519,7,101.0416726603111
12239,5,88.94897895014215
16247,321,281.2406161460304
16181,134,184.84877297275332
15048,8,156.9438471124022
6877,7,154.9670688463615
10418,14,152.99139333780232
4983,338,297.21207250997975
9793,82,199.68741002010796
16228,187,218.75910098930177
31,1,83.81351451725129
14241,331,375.8786522135231
1054,117,157.9971044931665
9391,1,173.6837755317286
9120,104,166.81056241812024
4850,87,79.98279052474413
4844,485,150.9705783631228
14728,390,466.95543756059055
14134,19,242.83415524645628
10671,419,227.5383324618096
17246,8,49.387749894138814
12580,713,268.22471970981195
4070,136,226.48535728738457
12815,42,114.13334125269004
4833,107,92.79784969576055
13900,705,274.861909561196
11150,481,530.961281282831
16709,102,147.18942779019238
7442,238,237.8181514180473
2086,241,115.98011750682745
6837,135,226.9684141003505
10769,468,264.6386789594109
3430,279,200.83890239875177
5043,43,173.33682537127743
2715,54,158.0938290191926
4343,386,292.984906291523
14512,207,471.161362923949
14557,498,345.6617512359723
10459,152,127.42941256603348
7542,238,116.20622133998133
12430,12,158.25151567356343
12244,671,220.55572240044725
13415,4,237.5976236950856
7183,116,124.16909741650692
13529,345,167.69029910827834
9936,46,186.49102767585077
189,4,24.785221287272027
9397,133,149.31734380090637
8690,66,93.67065275513889
16168,273,118.49911519645367
4849,125,99.9868288249562
15981,449,313.9059356261201
12093,30,130.85076722437475
9661,124,55.464666592810296
9186,74,131.40718173093802
294,78,87.98187553095124
7045,3,129.32505672406907
12981,58,107.6530311674509
5881,22,69.97057109448791
3754,267,208.2965733226628
10026,527,325.65642248242983
9895,302,162.10478716151047
13771,152,180.4177256401347
6518,6,99.33693653853487
7255,144,135.07522577581133
11964,568,474.7807762621649
1535,141,48.33605351185096
15307,155,355.5130871687146
7276,374,281.26082310350034
10816,341,221.94334710106637
11021,617,158.09995112813874
15724,728,153.435761752552
7982,4,56.21342467123342
9902,177,189.7013979415708
6811,99,139.05848898148142
11348,6,131.3746591203376
4408,155,207.78818631043129
12165,78,304.0321312725421
9565,102,126.60662805471597
674,112,78.0759417481521
7345,170,241.23229834636575
6848,177,183.17616371643038
14329,14,216.52049192809807
12839,60,177.92658212506032
12727,230,204.90786247157666
13700,58,152.8288153852672
4562,116,147.61017104854312
11542,8,171.6927314213126
14948,58,211.21926526416604
3209,138,199.8514772244228
3764,517,238.98900025072905
16928,8,139.30348744359932
2885,5,67.74285076338491
8949,332,161.24831146739697
4036,21,97.26025626900835
3600,247,276.7043148623532
14362,377,92.65838484420725
14350,116,133.09588760497633
1651,241,80.15101286008797
15119,7,237.75092594156143
11231,6,206.98828659825534
13799,6,107.2659433595934
16215,211,110.77935288283686
7649,23,127.14885184191053
6393,87,81.52993032175519
2486,123,182.7637258072869
3583,6,180.86541577836124
15114,215,343.9038286257947
8814,72,174.37784904580968
3257,197,264.96482842110817
399,28,61.39291012756156
1806,38,83.10801582578914
3847,3,120.99730379028941
16123,262,361.5603066519447
12647,27,187.0142855120517
12194,20,162.1578194806395
1476,11,38.235729726070765
8538,30,68.43609939167524
14577,275,431.53456368531783
12327,554,569.1333848168736
10438,57,143.29903402679577
8840,3,107.00342729516004
17171,6,41.76022712114054
13006,90,141.14494846637615
9423,148,134.31259563837725
16098,171,299.7723395985966
6087,4,116.09292020354405
3025,150,173.416570210719
12404,49,224.15355778712114
281,3,52.996778009658954
17222,32,53.99345791361466
14101,851,470.6739336264772
8609,171,78.19780104776761
10813,605,327.5294992379231
6149,289,249.71853233753862
4247,340,274.75433332589523
16430,56,49.275179634250215
1890,94,103.21335570630443
4780,70,161.08112537250267
9527,154,159.51575074787146
4490,72,201.08156892650416
11713,20,220.90387333316627
14972,66,218.47745741324368
12221,257,329.5672887723782
9484,51,73.28481379365579
12572,34,205.09237836432277
17230,43,96.98272327144717
12806,505,331.6919579522635
15572,48,271.4837688539453
4708,11,148.9332230825863
6238,165,172.1339664202327
12787,146,268.23027137187
9862,98,181.49002702571124
14720,332,465.31673125142737
2999,239,207.30085416679896
11137,7,96.52154918664198
6196,511,208.46565163303532
506,5,23.9938000379041
16218,155,149.17886824972896
14235,519,252.72001417987366
13907,306,322.7693505791306
2112,85,93.11404653987447
17067,168,275.79161246353874
7931,10,91.00134877547471
5692,209,295.9753454719502
3503,237,265.2675776182543
5724,157,159.2950830063772
6439,230,247.0722491962838
14376,12,117.87826430896644
4936,156,212.22407123717426
8219,2,86.6920974267872
10743,604,357.6685830921065
5382,5,95.27625897838097
7154,320,272.2207212317052
12440,336,398.62653194098715
7771,95,58.79569989702198
12710,642,210.35334821862466
6613,45,119.76486672104208
6923,26,165.68859206813764
2302,240,129.8960149196615
14674,626,530.5503940645001
8488,5,26.491402736158424
8080,244,102.83167822824159
5002,282,192.15522632571452
8588,142,129.25026311226867
13321,5,223.84061665144776
8395,89,107.41526552486381
12166,61,250.99322137709194
14312,371,358.21680672423844
4111,11,135.54791186811735
7855,109,124.6185010587371
13466,126,158.50659239267856
11481,389,241.655056435205
12396,473,418.8375862899584
10457,296,153.73783374028014
7812,31,65.61401327045385
11128,286,347.19433207415057
5953,370,383.806426145403
6272,138,96.38543094525262
7347,528,214.72712065946914
11506,653,352.60866826622026
9989,5,62.32086842365839
2217,6,75.31346907604741
2731,270,147.92560749246383
15009,707,598.7631874172337
1128,127,105.2613445979675
14599,217,397.7087234902073
1800,224,195.02414379871414
6780,73,208.85116289679922
7669,4,68.36063548762651
5212,17,221.36821348415953
12466,373,479.0840111964853
10120,128,119.38763855078139
2035,70,81.99871660497553
8843,88,132.22904065487637
12665,290,345.8102443617848
4102,385,284.78740795909914
12646,67,215.22902807528243
15034,666,544.767700702911
14603,245,445.3530228104695
10625,686,460.3148120841617
3446,349,262.51279284249284
13022,370,406.7686583292865
4246,455,274.75433332589523
8777,191,185.36024687474494
618,23,59.04063733107291
9968,93,78.16083402082884
11983,586,540.3798800045702
14394,161,116.44351803094628
16733,96,254.50920868394164
11214,217,368.526173961754
10171,88,124.5052165662319
13735,224,266.3741772600302
3845,10,222.61983264923705
178,76,77.36987354773113
11194,288,397.11124111634325
15693,117,211.434929390983
15221,340,312.42249124124095
11378,120,112.8509656292109
7472,118,231.84513660586978
11686,6,148.84463491140352
9130,13,46.37775947387516
6825,130,257.25274944314464
1093,50,109.58846915318226
4418,129,120.56130475595151
8728,46,113.41647816129624
10477,679,491.7440045694313
8010,190,119.72684590377305
36,93,86.1477428128976
474,120,67.21332617319939
13007,33,151.43177070863382
4739,381,161.7984282859793
15991,148,178.5578663617275
10175,17,111.03461160548359
15699,56,157.30457984697765
9708,98,116.46299525315719
11438,664,242.6390122092857
8301,244,188.68748204649566
12470,723,498.3196350318621
10481,417,331.8448635031418
15041,196,319.80723253563457
3080,25,173.5443400041276
6995,15,91.22466161710598
1682,114,104.77469612858302
1453,89,148.8704998617227
14676,114,182.39849545154823
2110,179,103.74738170476074
1366,1,32.64571673466887
13101,30,402.6809176506691
9665,155,96.27419986565546
15042,138,328.21284635413167
4611,110,126.72684695896135
300,30,52.56492866748519
1108,72,192.88830507608057
11791,291,358.31209764964905
14214,193,247.93511881239525
9244,21,144.78039141312468
3249,117,69.69195351748272
6904,92,90.39127447109068
2446,71,114.23133031267416
1609,158,82.78876348858965
6474,29,79.26016530935462
11630,641,462.81042285839544
17227,107,163.49298571778667
2630,317,245.30660250700564
9,8,31.64203353550843
9301,191,79.3574698228648
12663,461,516.8226542917226
9705,280,116.9641737842919
14908,672,245.24045672228274
4128,202,163.31226391159555
13224,4,75.11146271322349
4190,167,204.53933460120618
9486,17,61.39140112144134
10782,593,115.54413807811001
13373,348,343.86433700792406
1006,120,187.62479918976427
4763,322,205.04269370152448
15679,612,446.5124302294985
8758,412,222.60708946387624
15074,194,258.07439434931473
15950,122,160.88273007777545
4150,317,317.74886298958836
14277,25,101.51514762786088
5621,77,79.56532973587164
751,78,83.25528713259027
1191,69,88.803791507259
4169,158,216.5211085373421
4105,167,237.99318043552032
13803,421,201.19857835323577
4005,538,248.7619123187189
4717,110,189.61512176176356
16544,6,174.78658397372055
11287,254,228.21305004742553
14987,423,492.9199621820263
10022,158,228.89161846062802
6463,66,67.82710191620107
4841,90,185.68804494157868
7464,435,269.29430747842815
13647,516,387.683979368423
6596,241,173.52389753411367
14957,355,266.8430565324518
1311,102,105.5982675896568
12078,191,149.84178787622653
10384,734,448.836228789128
7701,32,50.636137429816245
9863,62,158.6330635387194
8399,51,130.22854681493857
15801,313,259.0256668936051
15332,191,133.3621097722547
4974,50,110.03726769087505
3032,20,69.16133550111857
11753,34,106.9252983569083
15351,341,295.4307697498142
14671,578,501.9956851880702
11589,24,153.17473168434208
3091,300,145.0768474296218
1809,7,70.12742972540003
2519,168,142.77537560478578
16688,10,172.89758886348147
15188,147,173.9879600074553
6614,20,69.15123396031686
264,39,52.82932305897612
12854,534,488.8319817919452
2677,120,222.88145245553176
13788,406,371.9426479387194
2814,16,99.38083984264547
345,41,95.68965071085577
11904,4,102.5939107375005
7932,1,74.16615930616715
15542,453,369.91074218359284
8819,2,109.50547946349691
2546,93,224.10004615011977
11451,315,190.95717850206088
15957,294,355.1430216626909
2085,281,115.98011750682745
13073,196,262.306401868063
9333,168,226.42186984396173
1371,148,84.76219610895326
5352,184,211.40495767943892
3951,420,203.1729429069446
8029,7,74.26060712161792
7712,87,108.71738344459786
4059,49,196.2694661927424
16553,57,208.5109305213475
2440,58,54.04039121418982
14014,86,132.76921050587967
7753,149,224.97966225395854
6910,199,226.45226937665234
4487,268,287.3563204770198
10543,325,172.0505686055878
12042,142,253.0835275263972
8333,104,61.68215351068473
9893,30,130.0244748440114
4140,206,185.97701686131668
4062,5,209.25505407906886
1965,143,152.5188638023924
2792,10,65.13505275864173
8930,133,144.40818814194657
14078,854,435.90904297874727
11428,362,146.80193148888492
1977,8,51.072628981831805
14625,191,236.25041016218213
17284,25,121.5224188256503
9025,49,95.27751680790892
13967,9,208.3151510314904
1767,13,95.92288384596671
4448,15,89.21144247773037
8295,17,98.40720477971813
2502,3,137.78837498503114
1489,134,63.96853067425694
12920,322,451.7690091376899
4755,60,200.4913510046414
11633,235,243.12179768792294
3234,188,218.87402258035667
14262,225,364.72229397498353
16799,568,249.2379490239301
11637,107,106.99575072625281
543,153,58.98996246698603
6333,154,212.62699398600088
13790,767,373.65182999602786
1072,179,100.55614216392512
10946,23,194.3145757417235
16453,20,83.34559551479302
4772,306,186.04443489249275
1656,75,95.36566547483054
11520,2,234.35884508438454
10468,30,129.21074815101872
9614,176,179.7936877718191
2184,91,122.50641435642241
2700,181,131.7782971517502
5814,337,331.5854912897974
16214,107,110.77935288283686
6256,22,94.5476022310755
1808,13,77.69816044745525
11593,21,155.56725691356115
2127,243,159.92024078993288
1012,98,116.5610625657319
15947,3,160.88273007777545
5275,334,280.37868123540886
8528,6,43.25256657417734
5557,146,225.65929542307043
17132,219,191.72974576626214
3942,20,88.74143098609794
14802,251,289.67408044208213
13890,207,266.74960607292553
2075,95,42.826110367528514
4187,456,141.29938228036153
10297,42,85.89499430803365
10419,26,172.39243677884073
475,96,65.89528827488917
1854,32,103.8775809449268
915,50,85.7817593965584
8038,71,78.2598050541656
9672,28,51.31295017972185
3261,473,241.39532249784585
16343,372,304.6040859117962
14161,9,162.61751279728168
2895,196,221.3503421180982
17099,35,160.6855975395977
10793,395,256.6835707644336
11500,107,100.4676238174818
8986,8,52.57289283768039
10238,209,310.8096002493639
12401,283,188.5548246183633
13349,221,205.75509857148438
15642,229,221.76669474103429
4668,203,197.9189654965399
3610,87,113.35719504100958
7697,121,67.19512195508729
14891,338,319.2593489529462
6216,181,251.72735397597816
7251,498,235.05113968371725
14703,496,590.9760322136016
1384,48,77.99840447586648
3595,349,366.5259236478284
2910,9,83.78012691398547
1749,175,229.42714774824793
11371,59,138.81987100850858
9379,307,364.4331410775809
1214,72,141.72055782575836
1123,119,106.65773406795785
3012,205,215.69132851887574
85,83,85.29047716537698
1227,4,62.26627550099623
9645,87,94.70634637102322
11563,95,160.30503763318697
6677,473,360.0786069247311
6499,372,120.00228647407626
14670,422,403.66145859089
8569,151,101.55084668669161
2749,156,234.1737090476968
3299,94,159.95249365309587
1605,53,32.58669751422965
9158,133,77.79804888161661
12273,293,455.149994341054
3895,6,156.5456839380657
177,74,79.77041444156615
13431,516,329.35481262753524
2359,3,65.53663223954906
12024,7,105.45257204668759
2232,203,135.12957673792073
14098,255,416.5192931227121
10207,501,116.60300017150372
16002,360,214.00585546378295
6014,4,149.248413723668
2415,200,171.2928266554169
1431,70,73.01106149323049
1513,151,67.49624801430141
7376,108,81.14909063447212
14975,12,148.66928903460203
4534,337,252.86250603687742
5021,8,92.17668448220905
10620,432,494.4556502716533
15758,826,404.7757856865905
2585,36,61.17180082344832
12948,387,480.2432428293634
13274,178,150.43302349335679
13992,10,100.47735029491935
16249,567,304.3723564455066
2405,18,85.21637978901092
12060,386,445.41727199141525
2617,169,195.78872195813798
8132,236,174.23380070002833
1298,3,26.07268974284573
11434,169,242.6390122092857
554,36,52.65731847955438
9070,256,154.05629787669292
10867,123,175.68823430992865
16772,212,324.5840629142206
16639,69,68.80244860769216
5182,416,268.5624036800736
11582,813,259.12874904054075
12566,653,235.57271884402442
2996,598,230.67239837435602
435,1,64.90356115689758
6608,166,200.98098420217107
10971,19,107.35490108151083
5810,435,308.68788501878987
6625,465,370.28820072373225
14051,274,489.8521350222907
14650,253,483.9059992032954
15557,359,357.2618063429799
2698,246,100.46775437922162
1334,45,82.76486385176396
510,19,22.867765260095133
4450,71,98.3865007288627
4851,28,106.43319496093179
11379,390,154.30392332459772
1534,49,49.581941639918256
11454,236,219.57803288728377
7566,99,80.30246548383779
10258,204,200.27633565461755
13651,189,270.79590129407165
14112,5,187.64757615478845
8142,83,110.11585180890425
10640,345,151.78942690287417
6558,374,294.733658637997
11212,673,364.9231764050214
16207,23,190.58388578223668
16463,357,339.79689832862044
12524,41,250.29686915495301
933,64,73.85997106677107
14930,172,206.94738515109992
10469,86,134.7633189536861
17260,3,77.47186334528237
9361,94,136.57159033586845
12126,232,166.9625664367927
10494,96,190.07369723868965
3616,456,378.96205497029723
14774,977,447.6953273439634
1369,110,44.49630184197058
7291,141,68.1447015376226
10286,238,306.31836739755863
1548,91,87.70916681413514
7126,50,31.18696569882591
7342,179,190.67743373908047
6425,98,135.38237346685455
8064,30,52.12650101954072
12636,558,485.4387162611166
3975,396,333.6990193636193
6491,16,61.38114054273261
354,2,41.99845007269396
12123,359,174.62989879187
16465,208,327.05075039987895
14977,49,138.5929100961587
3014,125,247.01490804863138
10456,408,166.83578397729923
1936,125,56.944805393424
804,45,36.8867956146102
9239,235,142.38364085155695
3669,556,262.1281037958293
5355,31,99.38348833593723
11020,331,160.17227012936394
16121,197,276.46428086670755
9704,90,94.18325732660192
14245,878,475.05420192249363
8798,130,76.41055801401505
13132,585,454.6021828287446
2924,553,301.4009015499332
16925,79,188.9690117998318
8331,138,178.91737919695808
10394,5,182.11825571856372
6498,249,120.80075008795819
1723,78,130.58413288994038
14360,626,318.7174625429688
1062,33,113.54531021334634
1374,82,119.30193951512545
7713,39,101.69675430605868
5427,62,166.2939564099686
15370,314,199.26833719303485
16280,21,120.96912561237767
8763,71,111.11354168592604
11296,341,261.3754916177238
8577,2,71.51636581545517
16853,51,108.39447846528047
9595,399,224.54847782872372
6089,93,99.45215992139585
12785,311,321.29239486993924
8638,195,154.19494207975396
6071,179,216.478194186198
16875,245,205.86882665393935
6178,68,152.70410488504226
6642,44,79.12770412639759
10193,375,144.05678322588201
13042,230,368.3053099609225
13667,497,433.83986170250336
5423,165,92.33003043925653
7274,290,255.5453925840284
13072,376,453.71542920968517
8485,1,25.353799590688602
11441,250,145.37928048159523
7751,175,206.35595341422496
5036,556,289.81949974169584
843,64,94.09310448499315
10068,76,109.65778304675861
2092,32,69.40797352646727
3647,279,208.0192589381113
504,13,19.87088462064927
2272,202,119.59101668892629
6384,162,272.9991243278009
16973,134,123.95190123441472
15749,334,327.13033326315065
169,9,27.322765114277782
7734,68,140.78074959184715
15257,289,291.8218914698672
6827,37,190.992620492021
2865,21,64.11686969564687
5478,51,97.61558192295311
15275,319,405.7746538101141
1237,63,100.78659069800511
16753,414,326.13131955394516
15,106,105.18520777745582
4886,136,266.61105715304865
683,156,67.75136572256842
9536,100,157.37031653564912
15073,47,212.04966680825044
5401,171,187.34618994478967
4721,127,240.8575372619923
14314,338,400.20570402056046
8199,92,71.8272521658974
3911,201,159.98119277833257
9506,42,67.96064233936549
15631,268,471.4895145508264
17214,13,53.745461832778915
12736,458,420.7753804073537
4337,408,377.15139358248
13160,342,359.1897955661402
7121,7,27.26061059420686
6,1,33.84220310842568
7642,93,115.10787681476418
12638,693,473.1746559523933
1660,271,110.03838389897881
6620,217,173.3502453449449
6926,6,114.64737313266757
10318,83,87.10432420626586
8574,28,93.877096334756
6509,412,187.39897161193406
488,40,26.208981104183305
14414,818,445.97367343682623
120,4,47.073373936761634
3001,116,167.26046867569323
12780,320,315.5072609301542
6888,97,111.43994467663097
9304,373,155.0225526171648
6546,301,165.70751873474947
15425,225,265.3656232573249
9318,21,148.13864365854525
10934,822,332.45122996552357
10225,4,150.2391569351989
1403,202,94.89252619609003
3878,164,258.7965387407536
10052,204,237.51651425966577
16089,12,195.7242214023942
17181,137,198.87598602884722
287,139,52.996778009658954
13813,741,369.64408451165684
13881,289,441.7964217904896
5588,312,108.10341541699633
16268,217,305.20103526264234
11125,738,408.67229467832374
6754,47,135.81564841657323
15795,495,205.70442068539398
11960,360,410.7944109560733
4795,221,228.41309696376965
5909,113,87.14328675216804
2808,105,95.4252798434906
14422,6,180.47459269406096
3834,185,314.0948115932397
2761,146,131.76388305482993
14448,8,159.62777359898612
14212,655,259.6958684316501
1158,37,43.04374078124603
14402,147,149.603344855191
7840,277,83.24638459838744
8822,125,120.82979147381802
9670,57,61.04541282438139
2806,178,94.8619945557228
1922,81,123.89355127296709
16773,270,311.9939900634567
2456,3,68.47181349325425
9074,38,76.18678694124051
12796,613,328.54534186693587
13247,5,100.6785898051743
2526,2,72.04714675828728
1685,152,86.57226418775457
13091,454,392.8843067518091
8218,8,86.6920974267872
14631,558,364.2351579666878
10316,110,129.87743366249225
7364,129,176.4886935666578
9864,26,180.01288221003585
16357,131,219.58599805760812
14103,649,282.46683579827004
16547,5,146.02609115433896
7229,282,156.0309778693761
9069,355,155.7489079900627
10453,107,164.77985079289107
2614,283,172.21561260704425
10386,351,394.3386620531705
10896,3,164.52709887929123
11113,21,144.74195228411915
12894,190,274.45054669201744
16706,300,240.57630390422497
1576,5,28.718556001241687
5922,57,64.21508800477042
2886,4,69.69803468477893
12193,9,122.77303145912589
1521,248,117.38202890799543
4141,332,317.53221427640835
1618,82,74.36612749212728
5702,32,108.48516448987719
492,84,69.81878573553554
10578,374,204.69523913774654
13475,216,243.87370777550726
9335,111,124.81108421136159
7535,153,185.9888646241864
14919,324,160.46462489548554
1321,92,95.83063128395466
317,90,85.50661994498023
17005,27,133.23646987996227
3949,244,274.5221531709145
4000,179,162.78378992139508
10778,2,147.61020561286708
9949,183,198.38546185039598
9953,256,120.05184613225731
5134,171,147.90914675186082
9254,111,131.331469141455
14921,207,174.90260126658887
14011,163,215.0022005115842
9532,4,130.0616473297568
2969,366,354.67203851652084
15352,247,297.11051613873525
7822,256,205.23053032163676
1271,12,27.194676816372095
15388,397,200.7004100588871
5943,37,70.37723141722516
15640,387,378.33957350197755
1023,105,68.9747807780915
14883,492,174.10287600273688
10417,7,170.38534657414615
5887,237,100.00673215765539
267,49,63.00466902313891
12122,113,147.3421601771628
11703,546,240.5141942413162
15044,64,163.58683851791108
8067,51,56.48260458422392
17077,363,81.96344408329908
7145,22,51.37513277365205
1953,14,22.532918970584422
5170,267,239.37371823987738
2743,6,149.54451651976032
5565,621,291.7783770226068
3888,257,242.34127758961537
1264,90,85.43278363124672
13706,161,109.98637364823621
2550,7,182.9373554489033
8901,134,77.23113028840379
14193,162,123.38465121936754
14162,27,118.9107442718312
5273,186,316.34453101689627
7908,7,82.70912638295144
6706,57,178.34762578506886
14832,6,238.77025343383525
13591,281,450.83490184224064
12706,219,225.09468986541734
851,78,73.08687909477038
13395,526,248.6925448311107
3866,110,122.84532516466497
3388,16,168.26370283957067
10471,321,136.62958095727052
8141,124,145.3099943928284
4537,194,227.65155923825085
7302,165,84.64328211281892
14920,290,174.90260126658887
5844,64,138.9807029041993
2699,444,101.21965367483058
7954,71,56.71812715366035
7748,98,122.78281160501936
3059,421,141.599655836473
4131,115,164.75089815992757
2919,246,258.7141742146974
14093,367,340.2731041829467
5861,106,72.43908026112395
759,13,79.29501672129736
8304,228,184.65825666632438
3858,178,228.5346670562882
5886,285,100.00673215765539
15072,9,248.42356417538429
3252,234,233.5817997125788
6391,102,201.38073476734976
1324,92,134.85750223760675
3367,3,52.40350739769608
5240,25,138.1364899403312
17334,19,73.08781469620321
14291,305,417.0029659329612
896,88,46.04983424615677
6158,5,151.06306315737643
1226,2,57.017708650298154
2313,61,68.87335492683877
14893,842,312.00457420944804
9582,1,128.14552023231727
13230,190,291.9452991875179
11138,21,93.64848615227963
5613,410,217.40821460675684
5759,220,145.5080951871623
5269,130,251.96621883081616
8787,135,178.7389010839762
9965,3,103.25848258465673
8966,149,57.12572535639155
765,87,52.98751003448156
3935,232,151.03253022953967
17080,164,155.89168277252483
5858,29,85.10027535743684
10093,211,339.70852575866786
13255,229,283.822702538663
11219,308,505.1581542832284
16196,420,335.49170958250625
5024,21,97.91810195816493
17093,88,156.65653996563603
946,30,19.22680189974665
15552,10,270.89337825463986
8514,91,68.46714200052207
5863,373,142.57534743199548
4047,188,286.2592145486615
13751,7,103.42501586794313
4149,382,355.9310312982316
6633,149,173.3502453449449
7516,489,180.32566166789073
9151,2,76.92817874231098
16890,226,285.20067128617364
10561,8,184.1854561707163
4863,147,283.58336710027845
13743,614,422.4606306065045
14138,157,167.17349220588645
2789,50,75.82097491460554
13452,358,348.2725098728732
2974,239,184.59809445871514
9576,98,130.4018388945879
3311,231,241.74573418588577
16013,87,123.6161007528731
3380,601,255.14730050395306
15545,196,215.58805661431902
11736,5,95.18610790591326
2120,3,47.94178239860753
1327,32,70.80278981496237
14853,117,159.15651798031504
15917,192,350.9033123701721
1460,32,84.45226481119252
3335,310,170.71267876246685
5013,543,272.730776139229
4640,12,111.72419362885148
5715,221,260.71275981253797
8951,206,153.27945742270245
11649,524,437.7308508282663
7090,44,106.54659717252245
8405,167,144.52501392309202
13760,284,378.8096326874481
9253,108,152.51017516581425
1587,89,120.93903269846243
17004,6,137.28708455166617
8292,26,69.94494125090536
15401,151,231.11155594935346
16584,563,288.47367749514615
13665,498,453.59706956850374
10380,212,417.4546104262023
12006,432,556.2265122904518
7919,150,230.60859858632926
5933,505,161.7823974574871
17376,89,122.82476928477188
14498,36,120.53906081572906
16255,34,112.4154061475151
11048,239,270.91643643627634
5503,12,182.9605248475457
10422,623,152.99139333780232
13416,6,168.4295129787277
6225,127,158.07088107845053
11538,134,208.05625812384596
3998,94,127.44135866379622
11444,73,213.45123863615137
7600,71,105.09237693606568
5815,376,311.4030566120555
8159,242,225.13186038718405
15536,562,482.4404018028795
10937,312,199.72688103707273
14074,255,424.04835071325516
2087,136,114.04456631967584
374,16,41.43644057098345
2183,160,145.92014591405848
9978,133,172.58801981300238
15992,102,97.48867607192072
17108,214,260.55232759073346
10691,301,300.7131639475162
11429,201,121.21866159891323
13767,652,382.2947081193354
7574,4,150.0650812639181
15213,18,158.25072871562017
3116,272,151.2124287638359
10401,220,353.21971441715795
10098,328,256.8685153368818
17081,200,278.9053524852109
6696,180,224.82590835655125
13603,239,241.52176271687546
12681,614,408.8671114495005
16655,320,231.7305580351321
6905,318,120.52528205743263
15540,581,563.2341083792433
14532,474,345.6487749663199
11721,219,329.39054507074775
12291,402,280.94416890655606
9277,126,98.67052369820823
5628,156,87.13539616122036
11709,9,189.70980443255485
9816,118,249.6029564323494
8952,136,150.5014970873457
12878,791,484.9513246379581
10819,143,206.13522649293932
12349,578,551.3817995295419
8098,14,70.94348121512793
12960,10,204.38671615855642
1490,58,62.105502057282244
17187,42,40.09695856304544
16028,244,295.5024906855227
14747,326,446.0444894707852
13553,296,284.8124215603362
7823,313,234.09936662131753
7249,162,208.02565127793173
9316,73,150.6872212300552
469,73,83.78105645445463
28,6,51.7019794338553
3108,100,147.58258742728535
5598,11,63.21142339797277
14481,368,473.04879946082593
13964,85,247.88703135226493
806,39,27.1109349469757
17137,153,131.0072385208134
14548,127,199.92088488194526
9523,430,227.68799737516602
14171,596,558.5452503292132
9417,74,152.10113339231603
3269,40,132.81463754747605
1144,104,55.20723669916048
6934,240,238.3671990565154
2738,110,200.14850341049538
15671,29,128.5727764507573
8782,476,251.9855133257216
7556,36,74.24539325086126
9786,307,257.990327992142
8427,288,138.9436494362401
16649,392,234.6084844277491
12716,35,153.7314426846143
11479,358,217.94067810826795
1207,235,47.798338158829026
136,48,80.98440359782661
9470,270,103.44784877835872
15852,612,456.842361615807
4090,268,142.84161762030638
8426,356,103.84103913414609
5529,114,129.05319621273478
84,65,76.73337789073123
13936,500,391.1990325464171
926,3,37.11800620071576
9017,228,115.5463129922321
13439,5,155.12313935585468
16022,139,209.7745065959386
9196,9,105.14559248721527
2089,93,83.44991216792528
1399,80,80.10927935525045
12098,156,141.24355527500725
12562,60,119.08792580456013
1984,79,102.9522516864606
16468,98,296.3098161501574
6761,94,101.02467258290444
16254,87,99.10242894696302
7337,311,120.89002905033114
12188,65,119.50475331377609
5218,305,131.4625299178243
5733,342,124.89752712181068
3861,538,241.93473811049952
2799,281,126.78097620978578
16353,5,219.58599805760812
16573,136,118.5761240294084
3903,206,259.26921304895615
6443,130,163.48226229233342
9385,129,223.4091282775326
16594,7,219.79379149725526
12560,95,183.32082020107927
5924,288,73.90377502767224
13766,891,445.04550835111206
6734,6,93.98578289554158
13448,274,391.1485314428188
7294,372,245.888205366166
7637,182,88.20428721427093
14549,229,183.06023115129142
4101,452,308.22028246725006
3844,13,212.9767098076137
5768,355,284.6659368712675
17146,5,63.771307905736535
10719,614,329.1773551334274
17300,250,167.87440075459233
4867,254,291.6732526806618
10087,594,83.95859199111237
7863,89,122.73962000197388
4768,123,178.35266415491841
1699,68,90.22915552620641
10347,16,165.7808014584153
15234,207,226.9442652272595
15635,353,401.8225390639613
3722,116,220.98906983175195
17133,263,180.77058626089828
16256,16,97.31294729971461
5095,7,80.7844305962933
13056,6,139.61120045351873
4908,210,250.29635549051343
8145,74,95.80520017624762
14059,128,237.86351878208225
10958,655,423.8609198262182
9210,208,214.6150993650186
2609,391,223.319526936841
4615,16,58.99054967492454
4555,141,120.11440051317733
11929,35,236.863624986826
16602,236,298.690973136588
2228,213,212.1566570836573
6828,17,203.605714483099
7299,334,279.5480409698071
876,29,48.65931549784117
16546,4,192.6291897012416
12073,35,123.25919918235114
8116,199,192.8741880947727
10979,578,439.631028652226
2324,452,257.8578655281544
274,56,64.57077727984804
3022,434,233.73175910390762
6276,79,95.37835952744135
15422,784,282.46825319642653
13458,68,158.29246764170063
5894,4,88.7866698388577
1048,124,71.75948917388781
9246,6,158.48091476245958
8296,20,90.64339546590882
9881,432,221.93210895666928
16948,148,181.15862565959404
258,1,45.12422306574729
9377,160,333.81535576152896
5744,531,314.9288517343
795,72,33.89472240606483
10506,198,201.6372857772578
9353,115,229.63777526672564
9320,7,53.27089381342054
2803,214,172.1914062797635
15409,19,191.9500857346624
9657,18,53.16929097730819
12132,584,489.20202085098373
10185,86,138.667984190449
14828,207,109.06841151165004
2938,40,140.46401084551852
7807,92,104.54871950901254
3482,135,90.85105089275383
14928,10,168.8574488426186
7835,13,115.74417949084963
13318,101,227.09094974482903
1044,5,68.84007659728636
3746,97,226.25726291130908
8884,28,111.64070529354743
15342,539,378.55990939859964
13053,14,216.21933972420803
12036,315,276.417782523732
14988,567,454.48480811623983
15287,11,150.23172147724767
16837,23,134.71437867806478
1881,1,42.07374507818216
6649,500,380.3846189810648
14835,73,233.3692615399381
10770,335,276.48812105259503
7878,125,126.86041600005642
15278,810,457.53465613431825
1176,66,47.56130699192945
6254,8,74.03985322619661
3658,299,104.43012370868148
11276,64,182.62985765620456
5117,53,100.2844237402378
9946,141,137.09782640908122
9802,102,61.810074227071034
16226,356,268.4250497775939
7304,82,62.67023474069031
11456,307,254.50683110675428
3987,26,108.22612290228942
3785,380,329.52343566153303
6919,165,206.80101486836946
200,72,71.73279209720548
6193,112,147.01365679307673
555,108,57.53575856531444
12754,190,399.2965303368128
10600,801,515.7089328313473
346,57,98.1915326131875
17199,103,86.53163984021339
6162,332,146.87865003869945
7370,289,238.27926339578647
11873,152,159.01286843875567
8139,172,146.8942622523047
2237,9,70.82405461708946
6887,106,126.56002729760291
3170,57,97.90284787648903
1748,195,173.52362943414536
2657,146,279.7629630338306
12946,254,452.37156851819566
2155,143,276.4149558044978
3316,9,116.77411470531466
11022,286,241.83592979204283
12468,523,495.3926691310308
15261,19,171.34800321217216
15302,887,388.73790943745405
16476,3,82.94600428570178
13476,436,287.1827981029897
17143,35,68.55802175364707
9544,138,239.71166071302443
6058,72,210.2277357512468
6138,44,119.38642379303914
2454,25,86.3787102777314
219,94,50.582658292327075
8041,88,80.4030386696213
5291,118,192.32520918643706
361,104,59.553550962335294
11226,162,339.44447470649015
12171,52,82.24645228683703
4725,497,260.1178267047136
12955,171,306.02840883711673
15614,884,367.17267443743253
5077,113,266.6121358517229
9706,513,82.581588957242
13820,161,179.9254442342477
7113,39,79.99959363681204
3283,471,412.3671940004989
9273,72,98.40062886055622
4771,182,258.80655038275086
11302,81,144.67950540536276
13677,158,93.68915160623243
4873,158,209.52139562090736
15395,370,313.9732254626376
10666,360,142.32003747955974
12012,577,529.6200849735742
13442,152,195.04254305644025
4897,180,203.23849225073766
16118,341,105.23834489304848
2978,50,73.7730391928348
8441,182,96.30449862891523
1480,9,36.86646172098203
8699,85,75.47544450416626
9214,331,193.14440066033893
4680,202,188.67519086773206
4044,219,182.8062700744917
1584,81,87.78409751388423
7035,585,270.2525421800109
16828,160,135.21124656702082
4985,326,295.67226062505506
11064,2,241.60725743262364
1353,64,140.4242015619069
5360,30,81.90003869379552
1183,40,56.20987616536787
4915,256,206.78613665517426
10968,28,167.74080892745138
14639,9,151.10925145292887
4171,275,293.763373755616
3109,167,169.61408482757102
15198,479,504.93410259743433
4853,7,85.16615680705193
8697,5,70.73989299817966
12285,34,332.86677959716855
6253,20,87.98769244202138
3653,8,69.59111084679783
8311,80,59.97683867375181
818,174,112.84146485194272
9546,276,253.36349127115056
11376,3,110.57126376282416
9578,26,75.69920980455593
12879,582,469.1490667320625
10112,314,154.17031735342616
9618,268,193.14961926723123
12142,64,98.89198333913609
42,53,105.07815141634198
12224,237,421.215419975563
11519,4,107.83774977001994
5546,80,141.32021821736305
7509,128,183.59989069239842
15182,594,498.21183190313855
16575,692,165.33626032278698
15208,194,162.67452215892956
15918,165,275.2138664964657
15565,766,358.9917546171543
8077,2,156.4907187946102
17038,302,145.65968528458797
14874,127,171.85678465450692
7408,114,114.95167103328217
3699,41,71.7180719590069
7426,66,126.12685737074187
15967,119,233.55874027342628
5419,245,255.6301249293356
7924,228,215.378344769279
5839,114,119.65162709273872
14951,6,136.61693429411423
2579,346,99.05090758580667
9061,93,157.3453991438292
4177,145,140.46852911620454
12316,210,188.55748634317015
3853,130,192.4201274828245
14588,37,321.17400447470527
15770,173,222.46985973044255
13564,743,282.4560515859816
2247,98,107.2877189723789
1255,49,61.121229940332924
10491,6,134.57960106298614
8188,241,120.5517690781577
6955,169,138.3562853037085
11357,272,197.50790751861857
2123,33,81.31656600361967
2674,270,175.84534209556884
7555,82,74.24539325086126
11104,280,213.3033573993458
11217,239,439.6706926150555
14181,131,197.31012478422983
1517,98,117.4481251123647
3996,219,132.38062323305422
16326,133,99.82891701336773
5654,34,50.54799708650888
6063,7,123.6186022037622
16596,121,98.4869743589444
7508,111,160.4835070627794
15120,8,151.14116492349686
6180,14,136.12205615928144
2345,44,112.04924038577668
10325,17,56.348116433129846
7783,85,125.12435727391423
12712,362,228.2650426701254
13010,27,97.8722960966327
8128,11,42.35327311065637
13397,320,329.1908339301177
7898,380,198.85254839076322
3510,4,79.29028719602421
17015,243,205.78430106448315
3770,146,185.20505908970796
11035,108,218.2270879732651
4677,558,264.4012888111515
13656,11,162.55634617286245
3166,308,185.08644948323408
11829,94,140.51671484103397
4281,32,97.31083346330018
386,93,46.34176631256913
11561,282,289.9879466979379
34,53,77.4211978271714
10337,258,365.39842356585575
17254,43,56.09127161589007
15999,50,64.75545289895284
312,53,66.84306500143475
335,59,27.376627244568013
13382,794,318.24726717180533
5897,14,88.6616849890033
1140,2,38.25399954300027
1304,193,111.16584434878526
6978,88,70.99739569791096
6021,135,268.7861521736797
8632,128,87.21559416391946
4029,536,267.4956944313021
12724,673,153.7314426846143
7050,464,147.29704537326285
16729,460,259.232481704567
9860,172,197.67474281162055
9362,52,105.38403908179615
7616,97,97.97761672428184
3102,35,104.44792777498166
8472,97,98.99178303557017
5982,339,244.20607197794638
5762,260,225.04229479210917
9162,176,103.32914463379949
8688,93,122.84364221310494
4014,2,94.1853275047055
5484,231,235.2154609562676
7158,92,145.2888920044183
12204,501,416.7785809329998
10366,26,233.7015092617433
1644,11,33.979915325976265
2975,174,134.2408671210521
1577,2,53.02590752394829
1025,110,63.95216326623957
11387,236,398.55175331310005
10365,63,232.62592324574968
5716,196,268.29711955811695
11915,274,433.93505576572767
2907,56,166.75648443302302
8967,178,115.54400469592815
11318,416,463.197313515202
5609,219,204.16902146043776
12559,65,194.8899591916645
10416,19,159.0917910943787
3185,184,239.1328494167521
17179,186,167.78829494137491
2253,148,61.97125211277681
10927,246,211.6092000827187
10805,44,102.95221694261724
15835,178,210.94957754170184
4439,250,130.83479154434644
4955,114,218.17315145556108
12767,11,216.0684753204285
4722,138,210.62281581608227
11475,55,107.60771973860058
7514,315,243.4494826906087
9240,185,108.00943016496448
16499,2,75.70509023412309
10280,284,227.91467712216294
5041,191,238.29373414317934
5406,6,151.4156094641709
15496,308,324.9798377679961
17347,138,132.19122950019587
14889,343,321.2702783783661
15243,260,210.18046624504402
14479,309,487.3454833217676
12856,332,420.5483701923808
15135,559,411.8722643137165
16638,108,68.80244860769216
2358,2,65.53663223954906
569,45,57.58047269870822
15861,133,211.78046114338235
4085,14,109.63856812636348
9602,43,95.32580307277735
32,8,83.81004141276304
4845,533,147.75646125321492
122,95,77.26631312500709
14257,40,165.22336221588796
1612,182,142.51916906461463
9101,11,107.57020407941206
15272,358,354.54125049321965
13726,8,109.32327843882632
5917,8,63.824395141466745
15575,2,194.8826605942969
2125,142,129.27100101693094
5842,82,104.37119852683206
12310,41,117.97354770409065
11787,351,171.6784963100303
733,63,66.0605299614761
3411,69,219.3700491165257
16512,181,142.73335285384806
11910,192,309.57163723636165
80,57,74.44185264178735
16039,53,138.41482506134193
4895,294,224.1550215377826
411,3,42.83413131262063
3920,13,44.937725743712924
3636,164,122.035268499061
16781,93,136.94088173340958
1085,76,150.9435220902334
9807,384,253.5397813222711
11711,6,193.20719892563903
5606,214,187.02725006573652
8353,208,216.83226799836518
6545,117,104.3026248025148
3435,94,74.19262514001558
2189,2,62.400509568944415
5378,77,125.39315484864393
6485,174,119.79045521600916
17062,363,320.4629702413294
7663,105,155.48808584214837
13186,312,361.35534774131094
13689,483,447.2728307892824
2082,87,137.4385365642962
13669,479,422.7818166231874
5713,171,282.7805416317427
158,51,73.54500116112438
9870,86,114.7982902763039
9552,118,132.60921969316615
8526,29,34.26324694329777
4258,243,141.97530758437293
4744,102,227.3035227584181
9911,62,239.66663900065862
7959,11,47.83395913730211
8742,5,96.77563985957124
1485,1,55.21355393429119
15817,50,216.40091135433923
706,168,62.83468401136663
11264,264,196.23723063133195
14082,189,312.65637788631227
3155,394,189.50401662000706
3670,407,279.9416404273769
5501,8,169.61600257384546
954,30,20.947066754124414
8727,64,93.04751961895423
7586,195,247.9039570332702
5140,73,101.13614723888244
397,3,55.36522604450526
11588,90,181.6664968155817
16421,88,230.32928317639409
5268,205,276.137229053041
17131,240,191.5427542292706
2537,148,276.4582486218584
15909,213,301.76264695448396
4157,6,73.27569723135274
8963,24,42.94681006612179
11225,297,409.36325561886343
8456,25,69.77555820364215
15426,162,244.0850059127934
16204,155,242.34517011599917
14867,557,575.8343753546018
1529,4,50.84092547116652
3693,551,279.49971200559276
16525,124,94.46636579595176
5972,94,130.34531868061046
5338,258,75.14996074415563
1663,129,75.81885748208644
456,21,47.28851379829447
13708,751,231.40150696360047
10837,573,262.9755105243284
5019,29,79.35327091248264
11888,264,259.6786223314818
6680,175,86.04282805127174
7088,111,149.8847273695939
7839,104,91.85934154208879
652,59,32.10641501085814
10063,116,104.6847661187728
7636,208,259.6451663347508
3017,176,287.11435845304106
6224,200,144.7937336393379
10953,337,221.88320555168258
9755,202,133.6028287484805
13002,172,265.2324672314675
14632,406,286.81410358601045
6830,2,241.3053089543215
11550,174,183.07981182238154
5225,178,253.23950283499914
17336,7,80.55597409946024
17251,13,64.6697698263863
5639,53,169.7021545826177
13180,130,337.03493864806296
12020,40,108.49723394671042
6760,17,127.9043321748201
13990,85,164.06813284075642
174,98,43.57620985918768
16193,266,173.3308342983242
8212,267,169.13730260719888
